-- phpMyAdmin SQL Dump
-- version 4.5.1
-- http://www.phpmyadmin.net
--
-- Host: 127.0.0.1
-- Generation Time: Jun 17, 2017 at 11:36 AM
-- Server version: 10.1.13-MariaDB
-- PHP Version: 5.6.20

SET SQL_MODE = "NO_AUTO_VALUE_ON_ZERO";
SET time_zone = "+00:00";


/*!40101 SET @OLD_CHARACTER_SET_CLIENT=@@CHARACTER_SET_CLIENT */;
/*!40101 SET @OLD_CHARACTER_SET_RESULTS=@@CHARACTER_SET_RESULTS */;
/*!40101 SET @OLD_COLLATION_CONNECTION=@@COLLATION_CONNECTION */;
/*!40101 SET NAMES utf8mb4 */;

--
-- Database: `blooddonation`
--

-- --------------------------------------------------------

--
-- Table structure for table `admins`
--

CREATE TABLE `admins` (
  `id` int(10) UNSIGNED NOT NULL,
  `name` varchar(255) COLLATE utf8mb4_unicode_ci NOT NULL,
  `email` varchar(255) COLLATE utf8mb4_unicode_ci NOT NULL,
  `password` varchar(255) COLLATE utf8mb4_unicode_ci NOT NULL,
  `remember_token` varchar(100) COLLATE utf8mb4_unicode_ci DEFAULT NULL,
  `created_at` timestamp NULL DEFAULT NULL,
  `updated_at` timestamp NULL DEFAULT NULL
) ENGINE=InnoDB DEFAULT CHARSET=utf8mb4 COLLATE=utf8mb4_unicode_ci;

--
-- Dumping data for table `admins`
--

INSERT INTO `admins` (`id`, `name`, `email`, `password`, `remember_token`, `created_at`, `updated_at`) VALUES
(24, 'N Sakib', 'n_sakib.cse.bd@gmail.com', '$2y$10$mYTIwlUfNEhYg46H3kUtVe80RD10cmj1BcQvKv2BfJwxPvlbyMRjC', 'dOmg6IRog4qHs0DtMBWhm8eGy2nH5UPywQfQq68D', '2017-05-18 15:40:18', '2017-05-23 09:46:40'),
(25, 'Fokhrul', 'fokhrul.cse.bd@gmail.com', '$2y$10$xh6UzrYjlv.qggixmCVPCukImfxmVDlOvfPv.IZLWJtrLjIG1Rhw.', 'DHRKILpPATYmW3yzueSAHncrx8B0ZoGl6gGSqXqk', '2017-05-19 08:47:05', '2017-05-19 08:47:05'),
(27, 'Shaju', 'shaju@gmail.com', '$2y$10$vz5AbMUwHgeQaTlg.aDSV.xhUdfYy/f.jbc/dYP9jRXNm7MavqGdK', '873DH0g1EdIjachAWom0DjvkfTviuqHS9q3ov4Je', '2017-05-23 09:11:11', '2017-05-23 09:11:24');

-- --------------------------------------------------------

--
-- Table structure for table `apps_countries`
--

CREATE TABLE `apps_countries` (
  `id` int(11) NOT NULL,
  `country_code` varchar(2) NOT NULL DEFAULT '',
  `country_name` varchar(100) NOT NULL DEFAULT ''
) ENGINE=MyISAM DEFAULT CHARSET=utf8;

--
-- Dumping data for table `apps_countries`
--

INSERT INTO `apps_countries` (`id`, `country_code`, `country_name`) VALUES
(1, 'AF', 'Afghanistan'),
(2, 'AL', 'Albania'),
(3, 'DZ', 'Algeria'),
(4, 'DS', 'American Samoa'),
(5, 'AD', 'Andorra'),
(6, 'AO', 'Angola'),
(7, 'AI', 'Anguilla'),
(8, 'AQ', 'Antarctica'),
(9, 'AG', 'Antigua and Barbuda'),
(10, 'AR', 'Argentina'),
(11, 'AM', 'Armenia'),
(12, 'AW', 'Aruba'),
(13, 'AU', 'Australia'),
(14, 'AT', 'Austria'),
(15, 'AZ', 'Azerbaijan'),
(16, 'BS', 'Bahamas'),
(17, 'BH', 'Bahrain'),
(18, 'BD', 'Bangladesh'),
(19, 'BB', 'Barbados'),
(20, 'BY', 'Belarus'),
(21, 'BE', 'Belgium'),
(22, 'BZ', 'Belize'),
(23, 'BJ', 'Benin'),
(24, 'BM', 'Bermuda'),
(25, 'BT', 'Bhutan'),
(26, 'BO', 'Bolivia'),
(27, 'BA', 'Bosnia and Herzegovina'),
(28, 'BW', 'Botswana'),
(29, 'BV', 'Bouvet Island'),
(30, 'BR', 'Brazil'),
(31, 'IO', 'British Indian Ocean Territory'),
(32, 'BN', 'Brunei Darussalam'),
(33, 'BG', 'Bulgaria'),
(34, 'BF', 'Burkina Faso'),
(35, 'BI', 'Burundi'),
(36, 'KH', 'Cambodia'),
(37, 'CM', 'Cameroon'),
(38, 'CA', 'Canada'),
(39, 'CV', 'Cape Verde'),
(40, 'KY', 'Cayman Islands'),
(41, 'CF', 'Central African Republic'),
(42, 'TD', 'Chad'),
(43, 'CL', 'Chile'),
(44, 'CN', 'China'),
(45, 'CX', 'Christmas Island'),
(46, 'CC', 'Cocos (Keeling) Islands'),
(47, 'CO', 'Colombia'),
(48, 'KM', 'Comoros'),
(49, 'CG', 'Congo'),
(50, 'CK', 'Cook Islands'),
(51, 'CR', 'Costa Rica'),
(52, 'HR', 'Croatia (Hrvatska)'),
(53, 'CU', 'Cuba'),
(54, 'CY', 'Cyprus'),
(55, 'CZ', 'Czech Republic'),
(56, 'DK', 'Denmark'),
(57, 'DJ', 'Djibouti'),
(58, 'DM', 'Dominica'),
(59, 'DO', 'Dominican Republic'),
(60, 'TP', 'East Timor'),
(61, 'EC', 'Ecuador'),
(62, 'EG', 'Egypt'),
(63, 'SV', 'El Salvador'),
(64, 'GQ', 'Equatorial Guinea'),
(65, 'ER', 'Eritrea'),
(66, 'EE', 'Estonia'),
(67, 'ET', 'Ethiopia'),
(68, 'FK', 'Falkland Islands (Malvinas)'),
(69, 'FO', 'Faroe Islands'),
(70, 'FJ', 'Fiji'),
(71, 'FI', 'Finland'),
(72, 'FR', 'France'),
(73, 'FX', 'France, Metropolitan'),
(74, 'GF', 'French Guiana'),
(75, 'PF', 'French Polynesia'),
(76, 'TF', 'French Southern Territories'),
(77, 'GA', 'Gabon'),
(78, 'GM', 'Gambia'),
(79, 'GE', 'Georgia'),
(80, 'DE', 'Germany'),
(81, 'GH', 'Ghana'),
(82, 'GI', 'Gibraltar'),
(83, 'GK', 'Guernsey'),
(84, 'GR', 'Greece'),
(85, 'GL', 'Greenland'),
(86, 'GD', 'Grenada'),
(87, 'GP', 'Guadeloupe'),
(88, 'GU', 'Guam'),
(89, 'GT', 'Guatemala'),
(90, 'GN', 'Guinea'),
(91, 'GW', 'Guinea-Bissau'),
(92, 'GY', 'Guyana'),
(93, 'HT', 'Haiti'),
(94, 'HM', 'Heard and Mc Donald Islands'),
(95, 'HN', 'Honduras'),
(96, 'HK', 'Hong Kong'),
(97, 'HU', 'Hungary'),
(98, 'IS', 'Iceland'),
(99, 'IN', 'India'),
(100, 'IM', 'Isle of Man'),
(101, 'ID', 'Indonesia'),
(102, 'IR', 'Iran (Islamic Republic of)'),
(103, 'IQ', 'Iraq'),
(104, 'IE', 'Ireland'),
(105, 'IL', 'Israel'),
(106, 'IT', 'Italy'),
(107, 'CI', 'Ivory Coast'),
(108, 'JE', 'Jersey'),
(109, 'JM', 'Jamaica'),
(110, 'JP', 'Japan'),
(111, 'JO', 'Jordan'),
(112, 'KZ', 'Kazakhstan'),
(113, 'KE', 'Kenya'),
(114, 'KI', 'Kiribati'),
(115, 'KP', 'Korea, Democratic People''s Republic of'),
(116, 'KR', 'Korea, Republic of'),
(117, 'XK', 'Kosovo'),
(118, 'KW', 'Kuwait'),
(119, 'KG', 'Kyrgyzstan'),
(120, 'LA', 'Lao People''s Democratic Republic'),
(121, 'LV', 'Latvia'),
(122, 'LB', 'Lebanon'),
(123, 'LS', 'Lesotho'),
(124, 'LR', 'Liberia'),
(125, 'LY', 'Libyan Arab Jamahiriya'),
(126, 'LI', 'Liechtenstein'),
(127, 'LT', 'Lithuania'),
(128, 'LU', 'Luxembourg'),
(129, 'MO', 'Macau'),
(130, 'MK', 'Macedonia'),
(131, 'MG', 'Madagascar'),
(132, 'MW', 'Malawi'),
(133, 'MY', 'Malaysia'),
(134, 'MV', 'Maldives'),
(135, 'ML', 'Mali'),
(136, 'MT', 'Malta'),
(137, 'MH', 'Marshall Islands'),
(138, 'MQ', 'Martinique'),
(139, 'MR', 'Mauritania'),
(140, 'MU', 'Mauritius'),
(141, 'TY', 'Mayotte'),
(142, 'MX', 'Mexico'),
(143, 'FM', 'Micronesia, Federated States of'),
(144, 'MD', 'Moldova, Republic of'),
(145, 'MC', 'Monaco'),
(146, 'MN', 'Mongolia'),
(147, 'ME', 'Montenegro'),
(148, 'MS', 'Montserrat'),
(149, 'MA', 'Morocco'),
(150, 'MZ', 'Mozambique'),
(151, 'MM', 'Myanmar'),
(152, 'NA', 'Namibia'),
(153, 'NR', 'Nauru'),
(154, 'NP', 'Nepal'),
(155, 'NL', 'Netherlands'),
(156, 'AN', 'Netherlands Antilles'),
(157, 'NC', 'New Caledonia'),
(158, 'NZ', 'New Zealand'),
(159, 'NI', 'Nicaragua'),
(160, 'NE', 'Niger'),
(161, 'NG', 'Nigeria'),
(162, 'NU', 'Niue'),
(163, 'NF', 'Norfolk Island'),
(164, 'MP', 'Northern Mariana Islands'),
(165, 'NO', 'Norway'),
(166, 'OM', 'Oman'),
(167, 'PK', 'Pakistan'),
(168, 'PW', 'Palau'),
(169, 'PS', 'Palestine'),
(170, 'PA', 'Panama'),
(171, 'PG', 'Papua New Guinea'),
(172, 'PY', 'Paraguay'),
(173, 'PE', 'Peru'),
(174, 'PH', 'Philippines'),
(175, 'PN', 'Pitcairn'),
(176, 'PL', 'Poland'),
(177, 'PT', 'Portugal'),
(178, 'PR', 'Puerto Rico'),
(179, 'QA', 'Qatar'),
(180, 'RE', 'Reunion'),
(181, 'RO', 'Romania'),
(182, 'RU', 'Russian Federation'),
(183, 'RW', 'Rwanda'),
(184, 'KN', 'Saint Kitts and Nevis'),
(185, 'LC', 'Saint Lucia'),
(186, 'VC', 'Saint Vincent and the Grenadines'),
(187, 'WS', 'Samoa'),
(188, 'SM', 'San Marino'),
(189, 'ST', 'Sao Tome and Principe'),
(190, 'SA', 'Saudi Arabia'),
(191, 'SN', 'Senegal'),
(192, 'RS', 'Serbia'),
(193, 'SC', 'Seychelles'),
(194, 'SL', 'Sierra Leone'),
(195, 'SG', 'Singapore'),
(196, 'SK', 'Slovakia'),
(197, 'SI', 'Slovenia'),
(198, 'SB', 'Solomon Islands'),
(199, 'SO', 'Somalia'),
(200, 'ZA', 'South Africa'),
(201, 'GS', 'South Georgia South Sandwich Islands'),
(202, 'ES', 'Spain'),
(203, 'LK', 'Sri Lanka'),
(204, 'SH', 'St. Helena'),
(205, 'PM', 'St. Pierre and Miquelon'),
(206, 'SD', 'Sudan'),
(207, 'SR', 'Suriname'),
(208, 'SJ', 'Svalbard and Jan Mayen Islands'),
(209, 'SZ', 'Swaziland'),
(210, 'SE', 'Sweden'),
(211, 'CH', 'Switzerland'),
(212, 'SY', 'Syrian Arab Republic'),
(213, 'TW', 'Taiwan'),
(214, 'TJ', 'Tajikistan'),
(215, 'TZ', 'Tanzania, United Republic of'),
(216, 'TH', 'Thailand'),
(217, 'TG', 'Togo'),
(218, 'TK', 'Tokelau'),
(219, 'TO', 'Tonga'),
(220, 'TT', 'Trinidad and Tobago'),
(221, 'TN', 'Tunisia'),
(222, 'TR', 'Turkey'),
(223, 'TM', 'Turkmenistan'),
(224, 'TC', 'Turks and Caicos Islands'),
(225, 'TV', 'Tuvalu'),
(226, 'UG', 'Uganda'),
(227, 'UA', 'Ukraine'),
(228, 'AE', 'United Arab Emirates'),
(229, 'GB', 'United Kingdom'),
(230, 'US', 'United States'),
(231, 'UM', 'United States minor outlying islands'),
(232, 'UY', 'Uruguay'),
(233, 'UZ', 'Uzbekistan'),
(234, 'VU', 'Vanuatu'),
(235, 'VA', 'Vatican City State'),
(236, 'VE', 'Venezuela'),
(237, 'VN', 'Vietnam'),
(238, 'VG', 'Virgin Islands (British)'),
(239, 'VI', 'Virgin Islands (U.S.)'),
(240, 'WF', 'Wallis and Futuna Islands'),
(241, 'EH', 'Western Sahara'),
(242, 'YE', 'Yemen'),
(243, 'ZR', 'Zaire'),
(244, 'ZM', 'Zambia'),
(245, 'ZW', 'Zimbabwe');

-- --------------------------------------------------------

--
-- Table structure for table `bloodgroups`
--

CREATE TABLE `bloodgroups` (
  `id` int(11) NOT NULL,
  `bloodgroup_name` varchar(20) NOT NULL,
  `sort_order` int(11) NOT NULL,
  `created_datetime` datetime NOT NULL
) ENGINE=InnoDB DEFAULT CHARSET=latin1;

-- --------------------------------------------------------

--
-- Table structure for table `categorys`
--

CREATE TABLE `categorys` (
  `id` int(11) NOT NULL,
  `name` varchar(255) NOT NULL,
  `slug` varchar(255) NOT NULL,
  `type` varchar(255) NOT NULL,
  `created_at` timestamp NOT NULL DEFAULT CURRENT_TIMESTAMP ON UPDATE CURRENT_TIMESTAMP
) ENGINE=InnoDB DEFAULT CHARSET=latin1;

--
-- Dumping data for table `categorys`
--

INSERT INTO `categorys` (`id`, `name`, `slug`, `type`, `created_at`) VALUES
(1, 'Home', 'home', 'page', '2017-05-18 18:37:03'),
(2, 'About Us', 'about_us', 'page', '2017-05-18 18:37:19'),
(3, 'Contact Us', 'conyact_us', 'page', '2017-05-18 18:37:37');

-- --------------------------------------------------------

--
-- Table structure for table `cities`
--

CREATE TABLE `cities` (
  `id` int(10) UNSIGNED NOT NULL,
  `name` varchar(255) COLLATE utf8mb4_unicode_ci NOT NULL,
  `state_id` int(11) NOT NULL,
  `created_at` timestamp NULL DEFAULT NULL,
  `updated_at` timestamp NULL DEFAULT NULL
) ENGINE=InnoDB DEFAULT CHARSET=utf8mb4 COLLATE=utf8mb4_unicode_ci;

-- --------------------------------------------------------

--
-- Table structure for table `contents`
--

CREATE TABLE `contents` (
  `id` int(11) NOT NULL,
  `title` text CHARACTER SET utf8 COLLATE utf8_unicode_ci NOT NULL,
  `description` longtext CHARACTER SET utf8 COLLATE utf8_unicode_ci NOT NULL,
  `content_type` varchar(255) CHARACTER SET utf8 COLLATE utf8_unicode_ci NOT NULL,
  `content_page` varchar(255) CHARACTER SET utf8 COLLATE utf8_unicode_ci NOT NULL,
  `author_id` bigint(20) NOT NULL,
  `created_at` timestamp NOT NULL DEFAULT CURRENT_TIMESTAMP ON UPDATE CURRENT_TIMESTAMP,
  `updated_at` timestamp NOT NULL DEFAULT '0000-00-00 00:00:00'
) ENGINE=InnoDB DEFAULT CHARSET=latin1;

--
-- Dumping data for table `contents`
--

INSERT INTO `contents` (`id`, `title`, `description`, `content_type`, `content_page`, `author_id`, `created_at`, `updated_at`) VALUES
(4, 'কেন রক্তদান করবেন?', '<ul>\r\n	<li>প্রথম এবং প্রধান কারণ, আপনার দানকৃত রক্ত একজন মানুষের জীবন বাঁচাবে। রক্তদানের জন্য এর থেকে বড় কারণ আর কি হতে পারে !</li>\r\n	<li>হয়তো একদিন আপনার নিজের প্রয়োজনে/বিপদে অন্য কেউ এগিয়ে আসবে।</li>\r\n	<li>নিয়মিত রক্তদানে হৃদরোগ ও হার্ট অ্যাটাকের ঝুঁকি অনেক কম।</li>\r\n	<li>দেহের রোগ প্রতিরোধ ক্ষমতা অনেকগুন বেড়ে যায়।</li>\r\n</ul>', 'Page', 'Home', 3, '2017-06-01 16:36:05', '2017-06-01 16:36:05'),
(5, 'কারা রক্তদান করতে পারবেন?', '<ul>\r\n	<li>১৮ বছর থেকে ৬০ বছরের যেকোনো সুস্থদেহের মানুষ রক্ত দান করতে পারবেন।</li>\r\n	<li>শারীরিক এবং মানসিক ভাবে সুস্থ নিরোগ ব্যক্তি রক্ত দিতে পারবেন</li>\r\n	<li>আপনার ওজন অবশ্যই ৫০ কিলোগ্রাম কিংবা তার বেশি হতে হবে।</li>\r\n	<li>মহিলাদের ক্ষেত্রে ৪ মাস অন্তর-অন্তর, পুরুষদের ক্ষেত্রে ৩ মাস অন্তর অন্তর রক্ত-দান করা যায়।</li>\r\n	<li>রক্তে হিমোগ্লোবিনের পরিমাণ, রক্তচাপ ও শরীরের তাপমাত্রা স্বাভাবিক থাকতে হবে।</li>\r\n	<li>শ্বাস-প্রশ্বাসজনিত রোগ এ্যাজমা, হাপানি যাদের আছে তারা রক্ত দিতে পারবেন না।</li>\r\n</ul>', 'Notice', 'Donor', 3, '2017-06-01 16:36:52', '2017-06-01 16:36:52'),
(6, 'কিছু ভুল ধারনা', '<ul>\r\n	<li>প্রথম এবং প্রধান কারণ, আপনার দানকৃত রক্ত একজন মানুষের জীবন বাঁচাবে। রক্তদানের জন্য এর থেকে বড় কারণ আর কি হতে পারে !</li>\r\n	<li>হয়তো একদিন আপনার নিজের প্রয়োজনে/বিপদে অন্য কেউ এগিয়ে আসবে।</li>\r\n	<li>নিয়মিত রক্তদানে হৃদরোগ ও হার্ট অ্যাটাকের ঝুঁকি অনেক কম।</li>\r\n	<li>দেহের রোগ প্রতিরোধ ক্ষমতা অনেকগুন বেড়ে যায়।</li>\r\n</ul>', 'Page', 'Home', 3, '2017-06-01 16:39:25', '2017-06-01 16:39:25'),
(7, 'সাবধানতা ও সতর্কতা', '<ul>\r\n	<li>১৮ বছর থেকে ৬০ বছরের যেকোনো সুস্থদেহের মানুষ রক্ত দান করতে পারবেন।</li>\r\n	<li>শারীরিক এবং মানসিক ভাবে সুস্থ নিরোগ ব্যক্তি রক্ত দিতে পারবেন</li>\r\n	<li>আপনার ওজন অবশ্যই ৫০ কিলোগ্রাম কিংবা তার বেশি হতে হবে।</li>\r\n	<li>মহিলাদের ক্ষেত্রে ৪ মাস অন্তর-অন্তর, পুরুষদের ক্ষেত্রে ৩ মাস অন্তর অন্তর রক্ত-দান করা যায়।</li>\r\n	<li>রক্তে হিমোগ্লোবিনের পরিমাণ, রক্তচাপ ও শরীরের তাপমাত্রা স্বাভাবিক থাকতে হবে।</li>\r\n	<li>শ্বাস-প্রশ্বাসজনিত রোগ এ্যাজমা, হাপানি যাদের আছে তারা রক্ত দিতে পারবেন না।</li>\r\n</ul>', 'our-policy', 'About', 3, '2017-06-16 20:26:30', '2017-06-01 16:43:02');

-- --------------------------------------------------------

--
-- Table structure for table `countries`
--

CREATE TABLE `countries` (
  `id` int(10) UNSIGNED NOT NULL,
  `sortname` varchar(255) COLLATE utf8mb4_unicode_ci NOT NULL,
  `name` varchar(255) COLLATE utf8mb4_unicode_ci NOT NULL,
  `created_at` timestamp NULL DEFAULT NULL,
  `updated_at` timestamp NULL DEFAULT NULL
) ENGINE=InnoDB DEFAULT CHARSET=utf8mb4 COLLATE=utf8mb4_unicode_ci;

-- --------------------------------------------------------

--
-- Table structure for table `districts`
--

CREATE TABLE `districts` (
  `id` int(2) UNSIGNED NOT NULL,
  `division_row_id` int(2) UNSIGNED NOT NULL,
  `district_name` varchar(30) NOT NULL,
  `district_name_bn` varchar(50) NOT NULL,
  `lat` double NOT NULL,
  `lon` double NOT NULL,
  `website` varchar(100) NOT NULL
) ENGINE=InnoDB DEFAULT CHARSET=utf8;

--
-- Dumping data for table `districts`
--

INSERT INTO `districts` (`id`, `division_row_id`, `district_name`, `district_name_bn`, `lat`, `lon`, `website`) VALUES
(1, 3, 'Dhaka', 'ঢাকা', 23.7115253, 90.4111451, 'www.dhaka.gov.bd'),
(2, 3, 'Faridpur', 'ফরিদপুর', 23.6070822, 89.8429406, 'www.faridpur.gov.bd'),
(3, 3, 'Gazipur', 'গাজীপুর', 24.0022858, 90.4264283, 'www.gazipur.gov.bd'),
(4, 3, 'Gopalganj', 'গোপালগঞ্জ', 23.0050857, 89.8266059, 'www.gopalganj.gov.bd'),
(5, 3, 'Jamalpur', 'জামালপুর', 24.937533, 89.937775, 'www.jamalpur.gov.bd'),
(6, 3, 'Kishoreganj', 'কিশোরগঞ্জ', 24.444937, 90.776575, 'www.kishoreganj.gov.bd'),
(7, 3, 'Madaripur', 'মাদারীপুর', 23.164102, 90.1896805, 'www.madaripur.gov.bd'),
(8, 3, 'Manikganj', 'মানিকগঞ্জ', 0, 0, 'www.manikganj.gov.bd'),
(9, 3, 'Munshiganj', 'মুন্সিগঞ্জ', 0, 0, 'www.munshiganj.gov.bd'),
(10, 3, 'Mymensingh', 'ময়মনসিং', 0, 0, 'www.mymensingh.gov.bd'),
(11, 3, 'Narayanganj', 'নারায়াণগঞ্জ', 23.63366, 90.496482, 'www.narayanganj.gov.bd'),
(12, 3, 'Narsingdi', 'নরসিংদী', 23.932233, 90.71541, 'www.narsingdi.gov.bd'),
(13, 3, 'Netrokona', 'নেত্রকোনা', 24.870955, 90.727887, 'www.netrokona.gov.bd'),
(14, 3, 'Rajbari', 'রাজবাড়ি', 23.7574305, 89.6444665, 'www.rajbari.gov.bd'),
(15, 3, 'Shariatpur', 'শরীয়তপুর', 0, 0, 'www.shariatpur.gov.bd'),
(16, 3, 'Sherpur', 'শেরপুর', 25.0204933, 90.0152966, 'www.sherpur.gov.bd'),
(17, 3, 'Tangail', 'টাঙ্গাইল', 0, 0, 'www.tangail.gov.bd'),
(18, 5, 'Bogra', 'বগুড়া', 24.8465228, 89.377755, 'www.bogra.gov.bd'),
(19, 5, 'Joypurhat', 'জয়পুরহাট', 0, 0, 'www.joypurhat.gov.bd'),
(20, 5, 'Naogaon', 'নওগাঁ', 0, 0, 'www.naogaon.gov.bd'),
(21, 5, 'Natore', 'নাটোর', 24.420556, 89.000282, 'www.natore.gov.bd'),
(22, 5, 'Nawabganj', 'নবাবগঞ্জ', 24.5965034, 88.2775122, 'www.chapainawabganj.gov.bd'),
(23, 5, 'Pabna', 'পাবনা', 23.998524, 89.233645, 'www.pabna.gov.bd'),
(24, 5, 'Rajshahi', 'রাজশাহী', 0, 0, 'www.rajshahi.gov.bd'),
(25, 5, 'Sirajgonj', 'সিরাজগঞ্জ', 24.4533978, 89.7006815, 'www.sirajganj.gov.bd'),
(26, 6, 'Dinajpur', 'দিনাজপুর', 25.6217061, 88.6354504, 'www.dinajpur.gov.bd'),
(27, 6, 'Gaibandha', 'গাইবান্ধা', 25.328751, 89.528088, 'www.gaibandha.gov.bd'),
(28, 6, 'Kurigram', 'কুড়িগ্রাম', 25.805445, 89.636174, 'www.kurigram.gov.bd'),
(29, 6, 'Lalmonirhat', 'লালমনিরহাট', 0, 0, 'www.lalmonirhat.gov.bd'),
(30, 6, 'Nilphamari', 'নীলফামারী', 25.931794, 88.856006, 'www.nilphamari.gov.bd'),
(31, 6, 'Panchagarh', 'পঞ্চগড়', 26.3411, 88.5541606, 'www.panchagarh.gov.bd'),
(32, 6, 'Rangpur', 'রংপুর', 25.7558096, 89.244462, 'www.rangpur.gov.bd'),
(33, 6, 'Thakurgaon', 'ঠাকুরগাঁও', 26.0336945, 88.4616834, 'www.thakurgaon.gov.bd'),
(34, 1, 'Barguna', 'বরগুনা', 0, 0, 'www.barguna.gov.bd'),
(35, 1, 'Barisal', 'বরিশাল', 0, 0, 'www.barisal.gov.bd'),
(36, 1, 'Bhola', 'ভোলা', 22.685923, 90.648179, 'www.bhola.gov.bd'),
(37, 1, 'Jhalokati', 'ঝালকাঠি', 0, 0, 'www.jhalakathi.gov.bd'),
(38, 1, 'Patuakhali', 'পটুয়াখালী', 22.3596316, 90.3298712, 'www.patuakhali.gov.bd'),
(39, 1, 'Pirojpur', 'পিরোজপুর', 0, 0, 'www.pirojpur.gov.bd'),
(40, 2, 'Bandarban', 'বান্দরবান', 22.1953275, 92.2183773, 'www.bandarban.gov.bd'),
(41, 2, 'Brahmanbaria', 'ব্রাহ্মণবাড়িয়া', 23.9570904, 91.1119286, 'www.brahmanbaria.gov.bd'),
(42, 2, 'Chandpur', 'চাঁদপুর', 23.2332585, 90.6712912, 'www.chandpur.gov.bd'),
(43, 2, 'Chittagong', 'চট্টগ্রাম', 22.335109, 91.834073, 'www.chittagong.gov.bd'),
(44, 2, 'Comilla', 'কুমিল্লা', 23.4682747, 91.1788135, 'www.comilla.gov.bd'),
(45, 2, 'Cox''s Bazar', 'কক্স বাজার', 0, 0, 'www.coxsbazar.gov.bd'),
(46, 2, 'Feni', 'ফেনী', 23.023231, 91.3840844, 'www.feni.gov.bd'),
(47, 2, 'Khagrachari', 'খাগড়াছড়ি', 23.119285, 91.984663, 'www.khagrachhari.gov.bd'),
(48, 2, 'Lakshmipur', 'লক্ষ্মীপুর', 22.942477, 90.841184, 'www.lakshmipur.gov.bd'),
(49, 2, 'Noakhali', 'নোয়াখালী', 22.869563, 91.099398, 'www.noakhali.gov.bd'),
(50, 2, 'Rangamati', 'রাঙ্গামাটি', 0, 0, 'www.rangamati.gov.bd'),
(51, 7, 'Habiganj', 'হবিগঞ্জ', 24.374945, 91.41553, 'www.habiganj.gov.bd'),
(52, 7, 'Maulvibazar', 'মৌলভীবাজার', 24.482934, 91.777417, 'www.moulvibazar.gov.bd'),
(53, 7, 'Sunamganj', 'সুনামগঞ্জ', 25.0658042, 91.3950115, 'www.sunamganj.gov.bd'),
(54, 7, 'Sylhet', 'সিলেট', 24.8897956, 91.8697894, 'www.sylhet.gov.bd'),
(55, 4, 'Bagerhat', 'বাগেরহাট', 22.651568, 89.785938, 'www.bagerhat.gov.bd'),
(56, 4, 'Chuadanga', 'চুয়াডাঙ্গা', 23.6401961, 88.841841, 'www.chuadanga.gov.bd'),
(57, 4, 'Jessore', 'যশোর', 23.16643, 89.2081126, 'www.jessore.gov.bd'),
(58, 4, 'Jhenaidah', 'ঝিনাইদহ', 23.5448176, 89.1539213, 'www.jhenaidah.gov.bd'),
(59, 4, 'Khulna', 'খুলনা', 22.815774, 89.568679, 'www.khulna.gov.bd'),
(60, 4, 'Kushtia', 'কুষ্টিয়া', 23.901258, 89.120482, 'www.kushtia.gov.bd'),
(61, 4, 'Magura', 'মাগুরা', 23.487337, 89.419956, 'www.magura.gov.bd'),
(62, 4, 'Meherpur', 'মেহেরপুর', 23.762213, 88.631821, 'www.meherpur.gov.bd'),
(63, 4, 'Narail', 'নড়াইল', 23.172534, 89.512672, 'www.narail.gov.bd'),
(64, 4, 'Satkhira', 'সাতক্ষীরা', 0, 0, 'www.satkhira.gov.bd');

-- --------------------------------------------------------

--
-- Table structure for table `divisions`
--

CREATE TABLE `divisions` (
  `id` int(2) UNSIGNED NOT NULL,
  `country_row_id` varchar(30) DEFAULT NULL,
  `division_name` varchar(30) NOT NULL,
  `division_name_bn` varchar(50) NOT NULL
) ENGINE=InnoDB DEFAULT CHARSET=utf8;

--
-- Dumping data for table `divisions`
--

INSERT INTO `divisions` (`id`, `country_row_id`, `division_name`, `division_name_bn`) VALUES
(1, '1', 'Barisal', 'বরিশাল'),
(2, '1', 'Chittagong', 'চট্টগ্রাম'),
(3, '1', 'Dhaka', 'ঢাকা'),
(4, '1', 'Khulna', 'খুলনা'),
(5, '1', 'Rajshahi', 'রাজশাহী'),
(6, '1', 'Rangpur', 'রংপুর'),
(7, '1', 'Sylhet', 'সিলেট');

-- --------------------------------------------------------

--
-- Table structure for table `donateblood`
--

CREATE TABLE `donateblood` (
  `id` int(11) NOT NULL,
  `user_name` varchar(255) NOT NULL,
  `user_place` varchar(255) NOT NULL,
  `user_phone` varchar(255) NOT NULL,
  `user_email` varchar(255) NOT NULL,
  `last_donate_date` date NOT NULL,
  `disease` text NOT NULL,
  `donate_blood` varchar(255) NOT NULL,
  `updated_at` datetime NOT NULL DEFAULT CURRENT_TIMESTAMP,
  `created_at` datetime NOT NULL DEFAULT CURRENT_TIMESTAMP,
  `created_by` int(11) NOT NULL
) ENGINE=InnoDB DEFAULT CHARSET=latin1;

-- --------------------------------------------------------

--
-- Table structure for table `donors`
--

CREATE TABLE `donors` (
  `id` int(11) NOT NULL,
  `fullname` text CHARACTER SET utf8 COLLATE utf8_unicode_ci,
  `email` varchar(200) CHARACTER SET utf8 COLLATE utf8_unicode_ci DEFAULT NULL,
  `password` text CHARACTER SET utf8 COLLATE utf8_unicode_ci,
  `gender` varchar(20) CHARACTER SET utf8 COLLATE utf8_unicode_ci DEFAULT NULL,
  `date_of_birth` date DEFAULT NULL,
  `last_donate_date` date DEFAULT NULL,
  `phone` varchar(20) CHARACTER SET utf8 COLLATE utf8_unicode_ci DEFAULT NULL,
  `division_id` int(11) NOT NULL,
  `district` varchar(200) CHARACTER SET utf8 COLLATE utf8_unicode_ci DEFAULT NULL,
  `upazila` varchar(200) CHARACTER SET utf8 COLLATE utf8_unicode_ci DEFAULT NULL,
  `location` text CHARACTER SET utf8 COLLATE utf8_unicode_ci,
  `blood_group` varchar(20) CHARACTER SET utf8 COLLATE utf8_unicode_ci DEFAULT NULL,
  `post_code` varchar(30) CHARACTER SET utf8 COLLATE utf8_unicode_ci DEFAULT NULL,
  `rank` int(11) DEFAULT NULL,
  `web_url` text,
  `fb_url` text,
  `profile_photo` text,
  `latitude` double DEFAULT NULL,
  `longitude` double DEFAULT NULL,
  `varification` int(11) DEFAULT NULL,
  `lastLat` double DEFAULT NULL,
  `lastLng` double DEFAULT NULL,
  `fcm_email` varchar(255) DEFAULT NULL,
  `fcm_uid` varchar(255) DEFAULT NULL,
  `fcm_token` varchar(255) DEFAULT NULL,
  `age` varchar(255) DEFAULT NULL,
  `pro_visible` varchar(255) DEFAULT NULL,
  `called_date` varchar(255) DEFAULT NULL,
  `called_today` varchar(255) DEFAULT NULL,
  `religion` varchar(255) DEFAULT NULL,
  `is_physically_disble` varchar(255) DEFAULT NULL,
  `nationality` varchar(255) DEFAULT NULL,
  `nid` varchar(255) DEFAULT NULL,
  `status` varchar(20) DEFAULT NULL,
  `number_of_donate` int(11) DEFAULT NULL,
  `updated_at` timestamp NOT NULL DEFAULT CURRENT_TIMESTAMP ON UPDATE CURRENT_TIMESTAMP,
  `created_at` timestamp NOT NULL DEFAULT CURRENT_TIMESTAMP ON UPDATE CURRENT_TIMESTAMP,
  `updated_by` int(11) DEFAULT NULL
) ENGINE=InnoDB DEFAULT CHARSET=utf8;

--
-- Dumping data for table `donors`
--

INSERT INTO `donors` (`id`, `fullname`, `email`, `password`, `gender`, `date_of_birth`, `last_donate_date`, `phone`, `division_id`, `district`, `upazila`, `location`, `blood_group`, `post_code`, `rank`, `web_url`, `fb_url`, `profile_photo`, `latitude`, `longitude`, `varification`, `lastLat`, `lastLng`, `fcm_email`, `fcm_uid`, `fcm_token`, `age`, `pro_visible`, `called_date`, `called_today`, `religion`, `is_physically_disble`, `nationality`, `nid`, `status`, `number_of_donate`, `updated_at`, `created_at`, `updated_by`) VALUES
(9, NULL, 'jmrashed@gmail.com', '$2y$10$6Q7hCA97SLZ61FcJ9KenquK6wJBhhQb6Bhe.eItwVo55ozazpY0hu', NULL, NULL, NULL, NULL, 2, NULL, NULL, NULL, 'A+', NULL, NULL, NULL, NULL, '.jpg', NULL, NULL, 892345, NULL, NULL, 'jmrashed@gmail.com', '1', 'kynbupDsNrtWwUx3iAWrpzdfnSiqAtKJ6m4QjWID', NULL, 'Yes', NULL, NULL, 'Muslim', 'Yes', NULL, NULL, NULL, NULL, '2017-06-16 20:42:16', '2017-06-16 20:42:16', 2),
(10, 'Jaman', 'jmrashed@gmail.com', '$2y$10$MRGyifZquIE8DWrXj14zuO2lLd5Dzp5DrAL2MuUhutWw/FRhvEJtW', 'male', '2017-05-30', '2017-06-21', NULL, 3, '14', '244', 'Mouchak Rail Station, Gazipur District, Dhaka Division, Bangladesh', 'A+', NULL, NULL, NULL, NULL, 'JAMAN.jpg', NULL, NULL, 892345, NULL, NULL, 'jmrashed@gmail.com', '1', 'kynbupDsNrtWwUx3iAWrpzdfnSiqAtKJ6m4QjWID', NULL, 'Yes', NULL, NULL, 'Muslim', 'Yes', NULL, NULL, NULL, NULL, '2017-06-16 20:42:20', '2017-06-16 20:42:20', 2),
(11, 'Nazmus Sakib', 'sakib@gmail.com', '$2y$10$ST3Ab.7JQkmnlZiqzLBemuA.zKSuXseUBjZpFno4VX4OIJlgGBK2a', 'male', '2017-05-30', '2017-06-02', '01910077628', 2, '14', '242', 'Mouchak Market, West Malibagh, Dhaka, Bangladesh', 'A+', '1212', 45, 'ee', NULL, '11_NAZMUSSAKIB.jpg', 23.895623, 90.568923, 892345, 23.568945, 90.457865, 'sakib@gmail.com', '1', 'kynbupDsNrtWwUx3iAWrpzdfnSiqAtKJ6m4QjWID', '34', 'Yes', '2017-05-30', '2017-06-08', 'Muslim', 'Yes', 'Bangladeshi', '1526513159652', '1', 3, '2017-06-16 20:51:24', '2017-06-16 20:51:24', 2);

-- --------------------------------------------------------

--
-- Table structure for table `donors_details`
--

CREATE TABLE `donors_details` (
  `id` int(11) NOT NULL,
  `donors_id` int(11) NOT NULL,
  `school_name` varchar(255) DEFAULT NULL,
  `school_passing_year` int(11) DEFAULT NULL,
  `school_passing_degree` varchar(255) DEFAULT NULL,
  `school_passing_result` double DEFAULT NULL,
  `college_name` varchar(255) NOT NULL,
  `college_passing_year` int(11) DEFAULT NULL,
  `college_passing_degree` varchar(255) DEFAULT NULL,
  `college_passing_result` double DEFAULT NULL,
  `university_name` varchar(255) DEFAULT NULL,
  `university_department` varchar(255) DEFAULT NULL,
  `university_passing_degree` varchar(255) DEFAULT NULL,
  `university_passing_year` int(11) DEFAULT NULL,
  `university_passing_result` double DEFAULT NULL,
  `donor_father_name` varchar(255) DEFAULT NULL,
  `donor_mother_name` varchar(255) DEFAULT NULL,
  `donor_birth_place` varchar(255) DEFAULT NULL,
  `donor_religion` varchar(255) DEFAULT NULL,
  `donor_is_physically_disabled` varchar(255) DEFAULT NULL,
  `donor_is_physically_problem` text,
  `donor_nationality` varchar(255) DEFAULT NULL,
  `donor_birthcertificateno` varchar(255) DEFAULT NULL,
  `donor_occupation` varchar(255) DEFAULT NULL,
  `donor_nid` varchar(255) DEFAULT NULL,
  `donor_emergency_contact_name` varchar(255) DEFAULT NULL,
  `emergency_contact_phone` varchar(255) DEFAULT NULL
) ENGINE=InnoDB DEFAULT CHARSET=latin1;

-- --------------------------------------------------------

--
-- Table structure for table `faqs`
--

CREATE TABLE `faqs` (
  `id` int(11) NOT NULL,
  `category` varchar(200) NOT NULL,
  `question` text NOT NULL,
  `answer` longtext NOT NULL,
  `author_id` int(11) NOT NULL,
  `create_datetime` datetime NOT NULL
) ENGINE=InnoDB DEFAULT CHARSET=latin1;

--
-- Dumping data for table `faqs`
--

INSERT INTO `faqs` (`id`, `category`, `question`, `answer`, `author_id`, `create_datetime`) VALUES
(1, 'faq', 'Who is blood donner?', 'A blood donation occurs when a person voluntarily has blood drawn and used for transfusions and/or made into biopharmaceutical medications by a process called fractionation (separation of whole-blood components). Donation may be of whole blood (WB), or of specific components directly (the latter called apheresis).', 1, '2017-04-14 09:16:20'),
(2, 'faq', 'What is the blood donation?', 'Blood donation is a voluntary procedure. You agree to have blood drawn so that it can be given to someone who needs a blood transfusion. Millions of people need blood transfusions each year. Some may need blood during surgery.', 1, '2017-04-14 09:16:20'),
(3, 'faq', 'Can you give blood if you have a cold?\r\n', 'Cold symptoms may be similar, but colds are less likely to cause fever or headaches. You can''t donate blood if you have a fever, a productive cough, if you do not feel well, or if you are taking antibiotics to treat a sinus, throat, or lung infection.\r\n', 1, '2017-04-14 09:16:20');

-- --------------------------------------------------------

--
-- Table structure for table `galleries`
--

CREATE TABLE `galleries` (
  `id` int(11) NOT NULL,
  `page_name` varchar(255) DEFAULT NULL,
  `gallery_name` varchar(255) DEFAULT NULL,
  `updated_by` int(11) NOT NULL,
  `updated_at` datetime NOT NULL DEFAULT CURRENT_TIMESTAMP,
  `created_at` datetime NOT NULL DEFAULT CURRENT_TIMESTAMP
) ENGINE=InnoDB DEFAULT CHARSET=latin1;

--
-- Dumping data for table `galleries`
--

INSERT INTO `galleries` (`id`, `page_name`, `gallery_name`, `updated_by`, `updated_at`, `created_at`) VALUES
(1, 'home', 'home_gallery', 1, '2017-05-31 15:05:41', '2017-05-31 15:05:41'),
(2, 'profile', 'my_gallery', 1, '2017-05-31 15:07:16', '2017-05-31 15:07:16'),
(4, 'Contact Page', 'Contact', 2, '2017-06-01 18:19:34', '2017-06-01 18:19:34'),
(5, 'Test', 'teat for tat', 2, '2017-06-01 18:35:44', '2017-06-01 18:35:44');

-- --------------------------------------------------------

--
-- Table structure for table `gallery_details`
--

CREATE TABLE `gallery_details` (
  `id` int(11) NOT NULL,
  `gallery_id` int(11) NOT NULL,
  `photo_name` varchar(255) NOT NULL,
  `updated_by` int(11) NOT NULL,
  `updated_at` datetime NOT NULL DEFAULT CURRENT_TIMESTAMP,
  `created_at` datetime NOT NULL DEFAULT CURRENT_TIMESTAMP
) ENGINE=InnoDB DEFAULT CHARSET=latin1;

--
-- Dumping data for table `gallery_details`
--

INSERT INTO `gallery_details` (`id`, `gallery_id`, `photo_name`, `updated_by`, `updated_at`, `created_at`) VALUES
(1, 1, '1.jpg', 2, '2017-06-01 22:09:14', '2017-06-01 22:09:14'),
(2, 2, '2.jpg', 2, '2017-06-01 22:27:51', '2017-06-01 22:27:51'),
(3, 2, '3.jpg', 2, '2017-06-01 22:27:51', '2017-06-01 22:27:51'),
(4, 2, '4.jpg', 2, '2017-06-01 22:27:51', '2017-06-01 22:27:51'),
(5, 2, '5.jpg', 2, '2017-06-01 22:27:51', '2017-06-01 22:27:51');

-- --------------------------------------------------------

--
-- Table structure for table `links`
--

CREATE TABLE `links` (
  `id` int(11) NOT NULL,
  `link_url` varchar(255) NOT NULL,
  `link_name` varchar(255) NOT NULL,
  `link_target` varchar(255) NOT NULL,
  `link_image` varchar(255) NOT NULL,
  `post_id` bigint(20) NOT NULL
) ENGINE=InnoDB DEFAULT CHARSET=latin1;

-- --------------------------------------------------------

--
-- Table structure for table `migrations`
--

CREATE TABLE `migrations` (
  `id` int(10) UNSIGNED NOT NULL,
  `migration` varchar(255) COLLATE utf8mb4_unicode_ci NOT NULL,
  `batch` int(11) NOT NULL
) ENGINE=InnoDB DEFAULT CHARSET=utf8mb4 COLLATE=utf8mb4_unicode_ci;

--
-- Dumping data for table `migrations`
--

INSERT INTO `migrations` (`id`, `migration`, `batch`) VALUES
(1, '2017_05_18_203004_create_country_state_city_tables', 1),
(2, '2017_06_08_081139_entrust_setup_tables', 2);

-- --------------------------------------------------------

--
-- Table structure for table `needblood`
--

CREATE TABLE `needblood` (
  `id` int(11) NOT NULL,
  `user_name` varchar(255) CHARACTER SET utf8 COLLATE utf8_unicode_ci NOT NULL,
  `user_phone` varchar(255) CHARACTER SET utf8 COLLATE utf8_unicode_ci NOT NULL,
  `user_email` varchar(255) CHARACTER SET utf8 COLLATE utf8_unicode_ci NOT NULL,
  `user_blood` varchar(255) CHARACTER SET utf8 COLLATE utf8_unicode_ci NOT NULL,
  `user_place` varchar(255) CHARACTER SET utf8 COLLATE utf8_unicode_ci NOT NULL,
  `patient_name` varchar(255) CHARACTER SET utf8 COLLATE utf8_unicode_ci NOT NULL,
  `patient_place` varchar(255) CHARACTER SET utf8 COLLATE utf8_unicode_ci NOT NULL,
  `number_blood_bag` int(11) NOT NULL,
  `disease` text CHARACTER SET utf8 COLLATE utf8_unicode_ci NOT NULL,
  `relation` varchar(255) CHARACTER SET utf8 COLLATE utf8_unicode_ci NOT NULL,
  `opration_time` time NOT NULL,
  `updated_at` timestamp NOT NULL DEFAULT CURRENT_TIMESTAMP,
  `created_at` timestamp NOT NULL DEFAULT CURRENT_TIMESTAMP,
  `created_by` int(11) NOT NULL
) ENGINE=InnoDB DEFAULT CHARSET=latin1;

-- --------------------------------------------------------

--
-- Table structure for table `password_resets`
--

CREATE TABLE `password_resets` (
  `email` varchar(255) COLLATE utf8mb4_unicode_ci NOT NULL,
  `token` varchar(255) COLLATE utf8mb4_unicode_ci NOT NULL,
  `created_at` timestamp NULL DEFAULT NULL
) ENGINE=InnoDB DEFAULT CHARSET=utf8mb4 COLLATE=utf8mb4_unicode_ci;

-- --------------------------------------------------------

--
-- Table structure for table `permissions`
--

CREATE TABLE `permissions` (
  `id` int(10) UNSIGNED NOT NULL,
  `name` varchar(100) COLLATE utf8mb4_unicode_ci NOT NULL,
  `display_name` varchar(255) COLLATE utf8mb4_unicode_ci DEFAULT NULL,
  `description` varchar(255) COLLATE utf8mb4_unicode_ci DEFAULT NULL,
  `created_at` timestamp NULL DEFAULT NULL,
  `updated_at` timestamp NULL DEFAULT NULL
) ENGINE=InnoDB DEFAULT CHARSET=utf8mb4 COLLATE=utf8mb4_unicode_ci;

--
-- Dumping data for table `permissions`
--

INSERT INTO `permissions` (`id`, `name`, `display_name`, `description`, `created_at`, `updated_at`) VALUES
(1, 'create-post', 'Create Posts', 'create new blog posts', '2017-06-07 22:12:15', '2017-06-07 23:12:13'),
(2, 'edit-user', 'Edit Users', 'edit existing users', '2017-06-08 00:08:24', '2017-06-08 03:19:22');

-- --------------------------------------------------------

--
-- Table structure for table `permission_role`
--

CREATE TABLE `permission_role` (
  `permission_id` int(10) UNSIGNED NOT NULL,
  `role_id` int(10) UNSIGNED NOT NULL
) ENGINE=InnoDB DEFAULT CHARSET=utf8mb4 COLLATE=utf8mb4_unicode_ci;

-- --------------------------------------------------------

--
-- Table structure for table `posts`
--

CREATE TABLE `posts` (
  `id` int(11) NOT NULL,
  `post_author` bigint(20) UNSIGNED NOT NULL DEFAULT '0',
  `post_date` datetime NOT NULL DEFAULT '0000-00-00 00:00:00',
  `post_content` longtext CHARACTER SET utf8mb4 COLLATE utf8mb4_unicode_ci NOT NULL,
  `post_title` text CHARACTER SET utf8mb4 COLLATE utf8mb4_unicode_ci NOT NULL,
  `post_status` varchar(20) CHARACTER SET utf8mb4 COLLATE utf8mb4_unicode_ci NOT NULL DEFAULT 'publish',
  `comment_status` varchar(20) CHARACTER SET utf8mb4 COLLATE utf8mb4_unicode_ci NOT NULL DEFAULT 'open',
  `post_slug` varchar(300) CHARACTER SET utf8mb4 COLLATE utf8mb4_unicode_ci NOT NULL DEFAULT '',
  `post_modified` datetime NOT NULL DEFAULT '0000-00-00 00:00:00',
  `post_parent` bigint(20) UNSIGNED NOT NULL DEFAULT '0',
  `menu_order` int(11) NOT NULL DEFAULT '0',
  `post_type` varchar(20) CHARACTER SET utf8mb4 COLLATE utf8mb4_unicode_ci NOT NULL DEFAULT 'post'
) ENGINE=InnoDB DEFAULT CHARSET=latin1;

--
-- Dumping data for table `posts`
--

INSERT INTO `posts` (`id`, `post_author`, `post_date`, `post_content`, `post_title`, `post_status`, `comment_status`, `post_slug`, `post_modified`, `post_parent`, `menu_order`, `post_type`) VALUES
(1, 1, '2017-04-12 12:24:34', 'This is a test ........', 'test', 'publish', 'open', 'test', '2017-04-19 07:20:17', 0, 0, 'post'),
(2, 1, '2017-04-12 12:24:34', 'Lorem ipsum dolor sit amet, consectetur adipiscing elit, sed do eiusmod tempor incididunt ut labore et dolore magna aliqua. Ut enim ad minim veniam, quis nostrud exercitation ullamco laboris nisi ut aliquip ex ea commodo consequat\nLorem ipsum dolor sit amet, consectetur adipiscing elit, sed do eiusmod tempor incididunt ut labore et dolore magna aliqua. Ut enim ad minim veniam, quis nostrud exercitation ullamco laboris nisi ut aliquip ex ea commodo consequat', 'আমাদের সাথে যোগাযোগের মাধ্যম ', 'publish', 'open', 'contact', '2017-04-19 07:20:17', 0, 0, 'post'),
(3, 1, '2017-04-12 12:24:34', 'ধর্ম-বর্ণনির্বিশেষে সবার রক্তই এক— লাল রঙের। এর মধ্যে কোনো বিভেদ নেই। মানুষের শরীরে রক্তের প্রয়োজনীয়তা এত বেশি যে এটা ছাড়া কেউ বেঁচে থাকতে পারে না। মুমূর্ষু রোগীকে বাঁচাতে প্রায়ই জরুরি ভিত্তিতে রক্ত দেওয়ার প্রয়োজন পড়ে। যেমন— দুর্ঘটনায় আহত রোগী, অস্ত্রোপচারের রোগী, সন্তান প্রসবকালে, ক্যানসার বা অন্যান্য জটিল রোগে, এলিমিয়া, থ্যালাসেমিয়া, থিমোফিলিয়া ইত্যাদি কারণে রক্ত সঞ্চালনের প্রয়োজন পড়ে। বাংলাদেশের মতো গরিব দেশে বছরে পাঁচ থেকে ছয় লাখ ব্যাগ রক্তের প্রয়োজন হয়, যার মাত্র ৩০ শতাংশ পাওয়া যায় স্বেচ্ছায় রক্তদাতার মাধ্যমে। বাকি রক্ত অধিকাংশ ক্ষেত্রে পেশাদার রক্তদাতা এবং আত্মীয়স্বজন ও বন্ধুবান্ধবের মাধ্যমে সংগ্রহ করা হয়। \nরক্ত অবশ্যই মানবদেহের একটি গুরুত্বপূর্ণ উপাদান। পূর্ণমাত্রায় রক্ত থাকলে মানবদেহ থাকবে সজীব ও সক্রিয়। আর রক্তশূন্যতা বা এনিমিয়া দেখা দিলেই শরীর অকেজো হয়ে পড়ে, প্রাণশক্তিতে ভাটা পড়ে। এই অতি প্রয়োজনীয় জিনিসটি কলকারখানায় তৈরি হয় না। বিজ্ঞানীদের যথাসাধ্য চেষ্টা সত্ত্বেও এখনো রক্তের বিকল্প তৈরি করা সম্ভব হয়নি। নিকট ভবিষ্যতে পাওয়া যাবে—এমনটাও আশা করা যায় না। মানুষের রক্তের প্রয়োজনে মানুষকেই রক্ত দিতে হয়। জীবন বাঁচানোর জন্য রক্তদান এতই গুরুত্বপূর্ণ যে, বলা হয়—‘করিলে রক্তদান, বাঁচিবে একটি প্রাণ’, ‘আপনার রক্ত দিন, একটি জীবন বাঁচান’, ‘সময় তুমি হার মেনেছ রক্তদানের কাছে, দশটি মিনিট করলে খরচ একটি জীবন বাঁচে।’', 'করিলে রক্তদান, বাঁচিবে একটি প্রাণ’', 'publish', 'open', 'aboutus', '2017-04-19 07:20:17', 0, 0, 'post'),
(4, 1, '2017-04-12 12:24:34', 'কোনো সুস্থ-সবল মানুষ রক্ত দান করলে দাতার স্বাস্থ্যের কোনো ক্ষতি হয় না। এমনিতেই রক্তের লোহিত কণিকাগুলো চার মাস পর পর নষ্ট হয়ে যায় বা ভেঙে যায় বা ক্ষয়প্রাপ্ত হয়। সুতরাং এমনি এমনি নষ্ট করার চেয়ে তো স্বেচ্ছায় অন্যের জীবন বাঁচাতে দান করাই উত্তম। এই সামান্য পরিমাণ রক্তদানের মাধ্যমে একটি জীবন বাঁচানো নিঃসন্দেহে ভালো কাজ। নিয়মিত রক্ত দান করা একটি ভালো অভ্যাস। রক্ত দান করা কোনো দুঃসাহসিক কাজ নয়, বরং এর জন্য একটি সুন্দর মন থাকাই যথেষ্ট।', 'আমরা কারা ', 'publish', 'open', 'who-we-are', '2017-04-19 07:20:17', 0, 0, 'post'),
(5, 1, '2017-04-12 12:24:34', '<h3>মিশন</h3>\r\nধর্ম-বর্ণনির্বিশেষে সবার রক্তই এক— লাল রঙের। এর মধ্যে কোনো বিভেদ নেই। মানুষের শরীরে রক্তের প্রয়োজনীয়তা এত বেশি যে এটা ছাড়া কেউ বেঁচে থাকতে পারে না। মুমূর্ষু রোগীকে বাঁচাতে প্রায়ই জরুরি ভিত্তিতে রক্ত দেওয়ার প্রয়োজন পড়ে। যেমন— দুর্ঘটনায় আহত রোগী, অস্ত্রোপচারের রোগী, সন্তান প্রসবকালে, ক্যানসার বা অন্যান্য জটিল রোগে, এলিমিয়া, থ্যালাসেমিয়া, থিমোফিলিয়া ইত্যাদি কারণে রক্ত সঞ্চালনের প্রয়োজন পড়ে। বাংলাদেশের মতো গরিব দেশে বছরে পাঁচ থেকে ছয় লাখ ব্যাগ রক্তের প্রয়োজন হয়, যার মাত্র ৩০ শতাংশ পাওয়া যায় স্বেচ্ছায় রক্তদাতার মাধ্যমে। বাকি রক্ত অধিকাংশ ক্ষেত্রে পেশাদার রক্তদাতা এবং আত্মীয়স্বজন ও বন্ধুবান্ধবের মাধ্যমে সংগ্রহ করা হয়। \r\n\r\n<h3>ভিশন</h3>\r\n\r\n\r\nরক্ত অবশ্যই মানবদেহের একটি গুরুত্বপূর্ণ উপাদান। পূর্ণমাত্রায় রক্ত থাকলে মানবদেহ থাকবে সজীব ও সক্রিয়। আর রক্তশূন্যতা বা এনিমিয়া দেখা দিলেই শরীর অকেজো হয়ে পড়ে, প্রাণশক্তিতে ভাটা পড়ে। এই অতি প্রয়োজনীয় জিনিসটি কলকারখানায় তৈরি হয় না। বিজ্ঞানীদের যথাসাধ্য চেষ্টা সত্ত্বেও এখনো রক্তের বিকল্প তৈরি করা সম্ভব হয়নি। নিকট ভবিষ্যতে পাওয়া যাবে—এমনটাও আশা করা যায় না। \r\n\r\n<h3> আমাদের কাজ </h3>\r\n\r\nমানুষের রক্তের প্রয়োজনে মানুষকেই রক্ত দিতে হয়। জীবন বাঁচানোর জন্য রক্তদান এতই গুরুত্বপূর্ণ যে, বলা হয়—‘করিলে রক্তদান, বাঁচিবে একটি প্রাণ’, ‘আপনার রক্ত দিন, একটি জীবন বাঁচান’, ‘সময় তুমি হার মেনেছ রক্তদানের কাছে, দশটি মিনিট করলে খরচ একটি জীবন বাঁচে।’', 'মিশন ভিশন ও আমাদের কাজ ', 'publish', 'open', 'vision-mission-values', '2017-04-19 07:20:17', 0, 0, 'post');

-- --------------------------------------------------------

--
-- Table structure for table `roles`
--

CREATE TABLE `roles` (
  `id` int(10) UNSIGNED NOT NULL,
  `name` varchar(100) COLLATE utf8mb4_unicode_ci NOT NULL,
  `display_name` varchar(255) COLLATE utf8mb4_unicode_ci DEFAULT NULL,
  `description` varchar(255) COLLATE utf8mb4_unicode_ci DEFAULT NULL,
  `created_at` timestamp NULL DEFAULT NULL,
  `updated_at` timestamp NULL DEFAULT NULL
) ENGINE=InnoDB DEFAULT CHARSET=utf8mb4 COLLATE=utf8mb4_unicode_ci;

--
-- Dumping data for table `roles`
--

INSERT INTO `roles` (`id`, `name`, `display_name`, `description`, `created_at`, `updated_at`) VALUES
(1, 'owner', 'Project Owner', 'User is the owner of a given project', '2017-06-08 05:16:34', '2017-06-08 02:21:36'),
(2, 'admin', 'User Administrator', 'User is allowed to manage and edit other users', '2017-06-08 05:16:34', '2017-06-08 02:21:36');

-- --------------------------------------------------------

--
-- Table structure for table `role_user`
--

CREATE TABLE `role_user` (
  `user_id` int(10) UNSIGNED NOT NULL,
  `role_id` int(10) UNSIGNED NOT NULL
) ENGINE=InnoDB DEFAULT CHARSET=utf8mb4 COLLATE=utf8mb4_unicode_ci;

-- --------------------------------------------------------

--
-- Table structure for table `speeches`
--

CREATE TABLE `speeches` (
  `id` int(11) NOT NULL,
  `name` varchar(255) CHARACTER SET utf8 COLLATE utf8_unicode_ci NOT NULL,
  `designation` varchar(255) CHARACTER SET utf8 COLLATE utf8_unicode_ci NOT NULL,
  `description` text CHARACTER SET utf8 COLLATE utf8_unicode_ci NOT NULL,
  `updated_by` int(11) NOT NULL,
  `updated_at` datetime NOT NULL DEFAULT CURRENT_TIMESTAMP,
  `crreated_at` datetime NOT NULL DEFAULT CURRENT_TIMESTAMP
) ENGINE=InnoDB DEFAULT CHARSET=latin1;

--
-- Dumping data for table `speeches`
--

INSERT INTO `speeches` (`id`, `name`, `designation`, `description`, `updated_by`, `updated_at`, `crreated_at`) VALUES
(1, 'Abdul Kalam', 'CEO', 'This is a test. Lorem ipsum dolor sit amet, consectetur adipiscing elit, sed do eiusmod tempor incididunt ut labore et dolore magna aliqua. Ut enim ad minim veniam, quis nostrud exercitation ullamco laboris nisi ut aliquip ex ea commodo consequatLorem ipsum ', 2, '2017-06-17 01:27:12', '2017-06-17 01:27:12');

-- --------------------------------------------------------

--
-- Table structure for table `states`
--

CREATE TABLE `states` (
  `id` int(10) UNSIGNED NOT NULL,
  `name` varchar(255) COLLATE utf8mb4_unicode_ci NOT NULL,
  `country_id` int(11) NOT NULL,
  `created_at` timestamp NULL DEFAULT NULL,
  `updated_at` timestamp NULL DEFAULT NULL
) ENGINE=InnoDB DEFAULT CHARSET=utf8mb4 COLLATE=utf8mb4_unicode_ci;

-- --------------------------------------------------------

--
-- Table structure for table `upazilas`
--

CREATE TABLE `upazilas` (
  `id` int(2) UNSIGNED NOT NULL,
  `district_row_id` int(2) UNSIGNED NOT NULL,
  `upazila_name` varchar(30) NOT NULL,
  `upazila_name_bn` varchar(50) NOT NULL
) ENGINE=InnoDB DEFAULT CHARSET=utf8;

--
-- Dumping data for table `upazilas`
--

INSERT INTO `upazilas` (`id`, `district_row_id`, `upazila_name`, `upazila_name_bn`) VALUES
(1, 34, 'Amtali Upazila', 'আমতলী'),
(2, 34, 'Bamna Upazila', 'বামনা'),
(3, 34, 'Barguna Sadar Upazila', 'বরগুনা সদর'),
(4, 34, 'Betagi Upazila', 'বেতাগি'),
(5, 34, 'Patharghata Upazila', 'পাথরঘাটা'),
(6, 34, 'Taltali Upazila', 'তালতলী'),
(7, 35, 'Muladi Upazila', 'মুলাদি'),
(8, 35, 'Babuganj Upazila', 'বাবুগঞ্জ'),
(9, 35, 'Agailjhara Upazila', 'আগাইলঝরা'),
(10, 35, 'Barisal Sadar Upazila', 'বরিশাল সদর'),
(11, 35, 'Bakerganj Upazila', 'বাকেরগঞ্জ'),
(12, 35, 'Banaripara Upazila', 'বানাড়িপারা'),
(13, 35, 'Gaurnadi Upazila', 'গৌরনদী'),
(14, 35, 'Hizla Upazila', 'হিজলা'),
(15, 35, 'Mehendiganj Upazila', 'মেহেদিগঞ্জ '),
(16, 35, 'Wazirpur Upazila', 'ওয়াজিরপুর'),
(17, 36, 'Bhola Sadar Upazila', 'ভোলা সদর'),
(18, 36, 'Burhanuddin Upazila', 'বুরহানউদ্দিন'),
(19, 36, 'Char Fasson Upazila', 'চর ফ্যাশন'),
(20, 36, 'Daulatkhan Upazila', 'দৌলতখান'),
(21, 36, 'Lalmohan Upazila', 'লালমোহন'),
(22, 36, 'Manpura Upazila', 'মনপুরা'),
(23, 36, 'Tazumuddin Upazila', 'তাজুমুদ্দিন'),
(24, 37, 'Jhalokati Sadar Upazila', 'ঝালকাঠি সদর'),
(25, 37, 'Kathalia Upazila', 'কাঁঠালিয়া'),
(26, 37, 'Nalchity Upazila', 'নালচিতি'),
(27, 37, 'Rajapur Upazila', 'রাজাপুর'),
(28, 38, 'Bauphal Upazila', 'বাউফল'),
(29, 38, 'Dashmina Upazila', 'দশমিনা'),
(30, 38, 'Galachipa Upazila', 'গলাচিপা'),
(31, 38, 'Kalapara Upazila', 'কালাপারা'),
(32, 38, 'Mirzaganj Upazila', 'মির্জাগঞ্জ '),
(33, 38, 'Patuakhali Sadar Upazila', 'পটুয়াখালী সদর'),
(34, 38, 'Dumki Upazila', 'ডুমকি'),
(35, 38, 'Rangabali Upazila', 'রাঙ্গাবালি'),
(36, 39, 'Bhandaria', 'ভ্যান্ডারিয়া'),
(37, 39, 'Kaukhali', 'কাউখালি'),
(38, 39, 'Mathbaria', 'মাঠবাড়িয়া'),
(39, 39, 'Nazirpur', 'নাজিরপুর'),
(40, 39, 'Nesarabad', 'নেসারাবাদ'),
(41, 39, 'Pirojpur Sadar', 'পিরোজপুর সদর'),
(42, 39, 'Zianagar', 'জিয়ানগর'),
(43, 40, 'Bandarban Sadar', 'বান্দরবন সদর'),
(44, 40, 'Thanchi', 'থানচি'),
(45, 40, 'Lama', 'লামা'),
(46, 40, 'Naikhongchhari', 'নাইখংছড়ি '),
(47, 40, 'Ali kadam', 'আলী কদম'),
(48, 40, 'Rowangchhari', 'রউয়াংছড়ি '),
(49, 40, 'Ruma', 'রুমা'),
(50, 41, 'Brahmanbaria Sadar Upazila', 'ব্রাহ্মণবাড়িয়া সদর'),
(51, 41, 'Ashuganj Upazila', 'আশুগঞ্জ'),
(52, 41, 'Nasirnagar Upazila', 'নাসির নগর'),
(53, 41, 'Nabinagar Upazila', 'নবীনগর'),
(54, 41, 'Sarail Upazila', 'সরাইল'),
(55, 41, 'Shahbazpur Town', 'শাহবাজপুর টাউন'),
(56, 41, 'Kasba Upazila', 'কসবা'),
(57, 41, 'Akhaura Upazila', 'আখাউরা'),
(58, 41, 'Bancharampur Upazila', 'বাঞ্ছারামপুর'),
(59, 41, 'Bijoynagar Upazila', 'বিজয় নগর'),
(60, 42, 'Chandpur Sadar', 'চাঁদপুর সদর'),
(61, 42, 'Faridganj', 'ফরিদগঞ্জ'),
(62, 42, 'Haimchar', 'হাইমচর'),
(63, 42, 'Haziganj', 'হাজীগঞ্জ'),
(64, 42, 'Kachua', 'কচুয়া'),
(65, 42, 'Matlab Uttar', 'মতলব উত্তর'),
(66, 42, 'Matlab Dakkhin', 'মতলব দক্ষিণ'),
(67, 42, 'Shahrasti', 'শাহরাস্তি'),
(68, 43, 'Anwara Upazila', 'আনোয়ারা'),
(69, 43, 'Banshkhali Upazila', 'বাশখালি'),
(70, 43, 'Boalkhali Upazila', 'বোয়ালখালি'),
(71, 43, 'Chandanaish Upazila', 'চন্দনাইশ'),
(72, 43, 'Fatikchhari Upazila', 'ফটিকছড়ি'),
(73, 43, 'Hathazari Upazila', 'হাঠহাজারী'),
(74, 43, 'Lohagara Upazila', 'লোহাগারা'),
(75, 43, 'Mirsharai Upazila', 'মিরসরাই'),
(76, 43, 'Patiya Upazila', 'পটিয়া'),
(77, 43, 'Rangunia Upazila', 'রাঙ্গুনিয়া'),
(78, 43, 'Raozan Upazila', 'রাউজান'),
(79, 43, 'Sandwip Upazila', 'সন্দ্বীপ'),
(80, 43, 'Satkania Upazila', 'সাতকানিয়া'),
(81, 43, 'Sitakunda Upazila', 'সীতাকুণ্ড'),
(82, 44, 'Barura Upazila', 'বড়ুরা'),
(83, 44, 'Brahmanpara Upazila', 'ব্রাহ্মণপাড়া'),
(84, 44, 'Burichong Upazila', 'বুড়িচং'),
(85, 44, 'Chandina Upazila', 'চান্দিনা'),
(86, 44, 'Chauddagram Upazila', 'চৌদ্দগ্রাম'),
(87, 44, 'Daudkandi Upazila', 'দাউদকান্দি'),
(88, 44, 'Debidwar Upazila', 'দেবীদ্বার'),
(89, 44, 'Homna Upazila', 'হোমনা'),
(90, 44, 'Comilla Sadar Upazila', 'কুমিল্লা সদর'),
(91, 44, 'Laksam Upazila', 'লাকসাম'),
(92, 44, 'Monohorgonj Upazila', 'মনোহরগঞ্জ'),
(93, 44, 'Meghna Upazila', 'মেঘনা'),
(94, 44, 'Muradnagar Upazila', 'মুরাদনগর'),
(95, 44, 'Nangalkot Upazila', 'নাঙ্গালকোট'),
(96, 44, 'Comilla Sadar South Upazila', 'কুমিল্লা সদর দক্ষিণ'),
(97, 44, 'Titas Upazila', 'তিতাস'),
(98, 45, 'Chakaria Upazila', 'চকরিয়া'),
(99, 45, 'Chakaria Upazila', 'চকরিয়া'),
(100, 45, 'Cox''s Bazar Sadar Upazila', 'কক্স বাজার সদর'),
(101, 45, 'Kutubdia Upazila', 'কুতুবদিয়া'),
(102, 45, 'Maheshkhali Upazila', 'মহেশখালী'),
(103, 45, 'Ramu Upazila', 'রামু'),
(104, 45, 'Teknaf Upazila', 'টেকনাফ'),
(105, 45, 'Ukhia Upazila', 'উখিয়া'),
(106, 45, 'Pekua Upazila', 'পেকুয়া'),
(107, 46, 'Feni Sadar', 'ফেনী সদর'),
(108, 46, 'Chagalnaiya', 'ছাগল নাইয়া'),
(109, 46, 'Daganbhyan', 'দাগানভিয়া'),
(110, 46, 'Parshuram', 'পরশুরাম'),
(111, 46, 'Fhulgazi', 'ফুলগাজি'),
(112, 46, 'Sonagazi', 'সোনাগাজি'),
(113, 47, 'Dighinala Upazila', 'দিঘিনালা '),
(114, 47, 'Khagrachhari Upazila', 'খাগড়াছড়ি'),
(115, 47, 'Lakshmichhari Upazila', 'লক্ষ্মীছড়ি'),
(116, 47, 'Mahalchhari Upazila', 'মহলছড়ি'),
(117, 47, 'Manikchhari Upazila', 'মানিকছড়ি'),
(118, 47, 'Matiranga Upazila', 'মাটিরাঙ্গা'),
(119, 47, 'Panchhari Upazila', 'পানছড়ি'),
(120, 47, 'Ramgarh Upazila', 'রামগড়'),
(121, 48, 'Lakshmipur Sadar Upazila', 'লক্ষ্মীপুর সদর'),
(122, 48, 'Raipur Upazila', 'রায়পুর'),
(123, 48, 'Ramganj Upazila', 'রামগঞ্জ'),
(124, 48, 'Ramgati Upazila', 'রামগতি'),
(125, 48, 'Komol Nagar Upazila', 'কমল নগর'),
(126, 49, 'Noakhali Sadar Upazila', 'নোয়াখালী সদর'),
(127, 49, 'Begumganj Upazila', 'বেগমগঞ্জ'),
(128, 49, 'Chatkhil Upazila', 'চাটখিল'),
(129, 49, 'Companyganj Upazila', 'কোম্পানীগঞ্জ'),
(130, 49, 'Shenbag Upazila', 'শেনবাগ'),
(131, 49, 'Hatia Upazila', 'হাতিয়া'),
(132, 49, 'Kobirhat Upazila', 'কবিরহাট '),
(133, 49, 'Sonaimuri Upazila', 'সোনাইমুরি'),
(134, 49, 'Suborno Char Upazila', 'সুবর্ণ চর '),
(135, 50, 'Rangamati Sadar Upazila', 'রাঙ্গামাটি সদর'),
(136, 50, 'Belaichhari Upazila', 'বেলাইছড়ি'),
(137, 50, 'Bagaichhari Upazila', 'বাঘাইছড়ি'),
(138, 50, 'Barkal Upazila', 'বরকল'),
(139, 50, 'Juraichhari Upazila', 'জুরাইছড়ি'),
(140, 50, 'Rajasthali Upazila', 'রাজাস্থলি'),
(141, 50, 'Kaptai Upazila', 'কাপ্তাই'),
(142, 50, 'Langadu Upazila', 'লাঙ্গাডু'),
(143, 50, 'Nannerchar Upazila', 'নান্নেরচর '),
(144, 50, 'Kaukhali Upazila', 'কাউখালি'),
(145, 1, 'Dhamrai Upazila', 'ধামরাই'),
(146, 1, 'Dohar Upazila', 'দোহার'),
(147, 1, 'Keraniganj Upazila', 'কেরানীগঞ্জ'),
(148, 1, 'Nawabganj Upazila', 'নবাবগঞ্জ'),
(149, 1, 'Savar Upazila', 'সাভার'),
(150, 2, 'Faridpur Sadar Upazila', 'ফরিদপুর সদর'),
(151, 2, 'Boalmari Upazila', 'বোয়ালমারী'),
(152, 2, 'Alfadanga Upazila', 'আলফাডাঙ্গা'),
(153, 2, 'Madhukhali Upazila', 'মধুখালি'),
(154, 2, 'Bhanga Upazila', 'ভাঙ্গা'),
(155, 2, 'Nagarkanda Upazila', 'নগরকান্ড'),
(156, 2, 'Charbhadrasan Upazila', 'চরভদ্রাসন '),
(157, 2, 'Sadarpur Upazila', 'সদরপুর'),
(158, 2, 'Shaltha Upazila', 'শালথা'),
(159, 3, 'Gazipur Sadar-Joydebpur', 'গাজীপুর সদর'),
(160, 3, 'Kaliakior', 'কালিয়াকৈর'),
(161, 3, 'Kapasia', 'কাপাসিয়া'),
(162, 3, 'Sripur', 'শ্রীপুর'),
(163, 3, 'Kaliganj', 'কালীগঞ্জ'),
(164, 3, 'Tongi', 'টঙ্গি'),
(165, 4, 'Gopalganj Sadar Upazila', 'গোপালগঞ্জ সদর'),
(166, 4, 'Kashiani Upazila', 'কাশিয়ানি'),
(167, 4, 'Kotalipara Upazila', 'কোটালিপাড়া'),
(168, 4, 'Muksudpur Upazila', 'মুকসুদপুর'),
(169, 4, 'Tungipara Upazila', 'টুঙ্গিপাড়া'),
(170, 5, 'Dewanganj Upazila', 'দেওয়ানগঞ্জ'),
(171, 5, 'Baksiganj Upazila', 'বকসিগঞ্জ'),
(172, 5, 'Islampur Upazila', 'ইসলামপুর'),
(173, 5, 'Jamalpur Sadar Upazila', 'জামালপুর সদর'),
(174, 5, 'Madarganj Upazila', 'মাদারগঞ্জ'),
(175, 5, 'Melandaha Upazila', 'মেলানদাহা'),
(176, 5, 'Sarishabari Upazila', 'সরিষাবাড়ি '),
(177, 5, 'Narundi Police I.C', 'নারুন্দি'),
(178, 6, 'Astagram Upazila', 'অষ্টগ্রাম'),
(179, 6, 'Bajitpur Upazila', 'বাজিতপুর'),
(180, 6, 'Bhairab Upazila', 'ভৈরব'),
(181, 6, 'Hossainpur Upazila', 'হোসেনপুর '),
(182, 6, 'Itna Upazila', 'ইটনা'),
(183, 6, 'Karimganj Upazila', 'করিমগঞ্জ'),
(184, 6, 'Katiadi Upazila', 'কতিয়াদি'),
(185, 6, 'Kishoreganj Sadar Upazila', 'কিশোরগঞ্জ সদর'),
(186, 6, 'Kuliarchar Upazila', 'কুলিয়ারচর'),
(187, 6, 'Mithamain Upazila', 'মিঠামাইন'),
(188, 6, 'Nikli Upazila', 'নিকলি'),
(189, 6, 'Pakundia Upazila', 'পাকুন্ডা'),
(190, 6, 'Tarail Upazila', 'তাড়াইল'),
(191, 7, 'Madaripur Sadar', 'মাদারীপুর সদর'),
(192, 7, 'Kalkini', 'কালকিনি'),
(193, 7, 'Rajoir', 'রাজইর'),
(194, 7, 'Shibchar', 'শিবচর'),
(195, 8, 'Manikganj Sadar Upazila', 'মানিকগঞ্জ সদর'),
(196, 8, 'Singair Upazila', 'সিঙ্গাইর'),
(197, 8, 'Shibalaya Upazila', 'শিবালয়'),
(198, 8, 'Saturia Upazila', 'সাঠুরিয়া'),
(199, 8, 'Harirampur Upazila', 'হরিরামপুর'),
(200, 8, 'Ghior Upazila', 'ঘিওর'),
(201, 8, 'Daulatpur Upazila', 'দৌলতপুর'),
(202, 9, 'Lohajang Upazila', 'লোহাজং'),
(203, 9, 'Sreenagar Upazila', 'শ্রীনগর'),
(204, 9, 'Munshiganj Sadar Upazila', 'মুন্সিগঞ্জ সদর'),
(205, 9, 'Sirajdikhan Upazila', 'সিরাজদিখান'),
(206, 9, 'Tongibari Upazila', 'টঙ্গিবাড়ি'),
(207, 9, 'Gazaria Upazila', 'গজারিয়া'),
(208, 10, 'Bhaluka', 'ভালুকা'),
(209, 10, 'Trishal', 'ত্রিশাল'),
(210, 10, 'Haluaghat', 'হালুয়াঘাট'),
(211, 10, 'Muktagachha', 'মুক্তাগাছা'),
(212, 10, 'Dhobaura', 'ধবারুয়া'),
(213, 10, 'Fulbaria', 'ফুলবাড়িয়া'),
(214, 10, 'Gaffargaon', 'গফরগাঁও'),
(215, 10, 'Gauripur', 'গৌরিপুর'),
(216, 10, 'Ishwarganj', 'ঈশ্বরগঞ্জ'),
(217, 10, 'Mymensingh Sadar', 'ময়মনসিং সদর'),
(218, 10, 'Nandail', 'নন্দাইল'),
(219, 10, 'Phulpur', 'ফুলপুর'),
(220, 11, 'Araihazar Upazila', 'আড়াইহাজার'),
(221, 11, 'Sonargaon Upazila', 'সোনারগাঁও'),
(222, 11, 'Bandar', 'বান্দার'),
(223, 11, 'Naryanganj Sadar Upazila', 'নারায়ানগঞ্জ সদর'),
(224, 11, 'Rupganj Upazila', 'রূপগঞ্জ'),
(225, 11, 'Siddirgonj Upazila', 'সিদ্ধিরগঞ্জ'),
(226, 12, 'Belabo Upazila', 'বেলাবো'),
(227, 12, 'Monohardi Upazila', 'মনোহরদি'),
(228, 12, 'Narsingdi Sadar Upazila', 'নরসিংদী সদর'),
(229, 12, 'Palash Upazila', 'পলাশ'),
(230, 12, 'Raipura Upazila, Narsingdi', 'রায়পুর'),
(231, 12, 'Shibpur Upazila', 'শিবপুর'),
(232, 13, 'Kendua Upazilla', 'কেন্দুয়া'),
(233, 13, 'Atpara Upazilla', 'আটপাড়া'),
(234, 13, 'Barhatta Upazilla', 'বরহাট্টা'),
(235, 13, 'Durgapur Upazilla', 'দুর্গাপুর'),
(236, 13, 'Kalmakanda Upazilla', 'কলমাকান্দা'),
(237, 13, 'Madan Upazilla', 'মদন'),
(238, 13, 'Mohanganj Upazilla', 'মোহনগঞ্জ'),
(239, 13, 'Netrakona-S Upazilla', 'নেত্রকোনা সদর'),
(240, 13, 'Purbadhala Upazilla', 'পূর্বধলা'),
(241, 13, 'Khaliajuri Upazilla', 'খালিয়াজুরি'),
(242, 14, 'Baliakandi Upazila', 'বালিয়াকান্দি'),
(243, 14, 'Goalandaghat Upazila', 'গোয়ালন্দ ঘাট'),
(244, 14, 'Pangsha Upazila', 'পাংশা'),
(245, 14, 'Kalukhali Upazila', 'কালুখালি'),
(246, 14, 'Rajbari Sadar Upazila', 'রাজবাড়ি সদর'),
(247, 15, 'Shariatpur Sadar -Palong', 'শরীয়তপুর সদর '),
(248, 15, 'Damudya Upazila', 'দামুদিয়া'),
(249, 15, 'Naria Upazila', 'নড়িয়া'),
(250, 15, 'Jajira Upazila', 'জাজিরা'),
(251, 15, 'Bhedarganj Upazila', 'ভেদারগঞ্জ'),
(252, 15, 'Gosairhat Upazila', 'গোসাইর হাট '),
(253, 16, 'Jhenaigati Upazila', 'ঝিনাইগাতি'),
(254, 16, 'Nakla Upazila', 'নাকলা'),
(255, 16, 'Nalitabari Upazila', 'নালিতাবাড়ি'),
(256, 16, 'Sherpur Sadar Upazila', 'শেরপুর সদর'),
(257, 16, 'Sreebardi Upazila', 'শ্রীবরদি'),
(258, 17, 'Tangail Sadar Upazila', 'টাঙ্গাইল সদর'),
(259, 17, 'Sakhipur Upazila', 'সখিপুর'),
(260, 17, 'Basail Upazila', 'বসাইল'),
(261, 17, 'Madhupur Upazila', 'মধুপুর'),
(262, 17, 'Ghatail Upazila', 'ঘাটাইল'),
(263, 17, 'Kalihati Upazila', 'কালিহাতি'),
(264, 17, 'Nagarpur Upazila', 'নগরপুর'),
(265, 17, 'Mirzapur Upazila', 'মির্জাপুর'),
(266, 17, 'Gopalpur Upazila', 'গোপালপুর'),
(267, 17, 'Delduar Upazila', 'দেলদুয়ার'),
(268, 17, 'Bhuapur Upazila', 'ভুয়াপুর'),
(269, 17, 'Dhanbari Upazila', 'ধানবাড়ি'),
(270, 55, 'Bagerhat Sadar Upazila', 'বাগেরহাট সদর'),
(271, 55, 'Chitalmari Upazila', 'চিতলমাড়ি'),
(272, 55, 'Fakirhat Upazila', 'ফকিরহাট'),
(273, 55, 'Kachua Upazila', 'কচুয়া'),
(274, 55, 'Mollahat Upazila', 'মোল্লাহাট '),
(275, 55, 'Mongla Upazila', 'মংলা'),
(276, 55, 'Morrelganj Upazila', 'মরেলগঞ্জ'),
(277, 55, 'Rampal Upazila', 'রামপাল'),
(278, 55, 'Sarankhola Upazila', 'স্মরণখোলা'),
(279, 56, 'Damurhuda Upazila', 'দামুরহুদা'),
(280, 56, 'Chuadanga-S Upazila', 'চুয়াডাঙ্গা সদর'),
(281, 56, 'Jibannagar Upazila', 'জীবন নগর '),
(282, 56, 'Alamdanga Upazila', 'আলমডাঙ্গা'),
(283, 57, 'Abhaynagar Upazila', 'অভয়নগর'),
(284, 57, 'Keshabpur Upazila', 'কেশবপুর'),
(285, 57, 'Bagherpara Upazila', 'বাঘের পাড়া '),
(286, 57, 'Jessore Sadar Upazila', 'যশোর সদর'),
(287, 57, 'Chaugachha Upazila', 'চৌগাছা'),
(288, 57, 'Manirampur Upazila', 'মনিরামপুর '),
(289, 57, 'Jhikargachha Upazila', 'ঝিকরগাছা'),
(290, 57, 'Sharsha Upazila', 'সারশা'),
(291, 58, 'Jhenaidah Sadar Upazila', 'ঝিনাইদহ সদর'),
(292, 58, 'Maheshpur Upazila', 'মহেশপুর'),
(293, 58, 'Kaliganj Upazila', 'কালীগঞ্জ'),
(294, 58, 'Kotchandpur Upazila', 'কোট চাঁদপুর '),
(295, 58, 'Shailkupa Upazila', 'শৈলকুপা'),
(296, 58, 'Harinakunda Upazila', 'হাড়িনাকুন্দা'),
(297, 59, 'Terokhada Upazila', 'তেরোখাদা'),
(298, 59, 'Batiaghata Upazila', 'বাটিয়াঘাটা '),
(299, 59, 'Dacope Upazila', 'ডাকপে'),
(300, 59, 'Dumuria Upazila', 'ডুমুরিয়া'),
(301, 59, 'Dighalia Upazila', 'দিঘলিয়া'),
(302, 59, 'Koyra Upazila', 'কয়ড়া'),
(303, 59, 'Paikgachha Upazila', 'পাইকগাছা'),
(304, 59, 'Phultala Upazila', 'ফুলতলা'),
(305, 59, 'Rupsa Upazila', 'রূপসা'),
(306, 60, 'Kushtia Sadar', 'কুষ্টিয়া সদর'),
(307, 60, 'Kumarkhali', 'কুমারখালি'),
(308, 60, 'Daulatpur', 'দৌলতপুর'),
(309, 60, 'Mirpur', 'মিরপুর'),
(310, 60, 'Bheramara', 'ভেরামারা'),
(311, 60, 'Khoksa', 'খোকসা'),
(312, 61, 'Magura Sadar Upazila', 'মাগুরা সদর'),
(313, 61, 'Mohammadpur Upazila', 'মোহাম্মাদপুর'),
(314, 61, 'Shalikha Upazila', 'শালিখা'),
(315, 61, 'Sreepur Upazila', 'শ্রীপুর'),
(316, 62, 'angni Upazila', 'আংনি'),
(317, 62, 'Mujib Nagar Upazila', 'মুজিব নগর'),
(318, 62, 'Meherpur-S Upazila', 'মেহেরপুর সদর'),
(319, 63, 'Narail-S Upazilla', 'নড়াইল সদর'),
(320, 63, 'Lohagara Upazilla', 'লোহাগাড়া'),
(321, 63, 'Kalia Upazilla', 'কালিয়া'),
(322, 64, 'Satkhira Sadar Upazila', 'সাতক্ষীরা সদর'),
(323, 64, 'Assasuni Upazila', 'আসসাশুনি '),
(324, 64, 'Debhata Upazila', 'দেভাটা'),
(325, 64, 'Tala Upazila', 'তালা'),
(326, 64, 'Kalaroa Upazila', 'কলরোয়া'),
(327, 64, 'Kaliganj Upazila', 'কালীগঞ্জ'),
(328, 64, 'Shyamnagar Upazila', 'শ্যামনগর'),
(329, 18, 'Adamdighi', 'আদমদিঘী'),
(330, 18, 'Bogra Sadar', 'বগুড়া সদর'),
(331, 18, 'Sherpur', 'শেরপুর'),
(332, 18, 'Dhunat', 'ধুনট'),
(333, 18, 'Dhupchanchia', 'দুপচাচিয়া'),
(334, 18, 'Gabtali', 'গাবতলি'),
(335, 18, 'Kahaloo', 'কাহালু'),
(336, 18, 'Nandigram', 'নন্দিগ্রাম'),
(337, 18, 'Sahajanpur', 'শাহজাহানপুর'),
(338, 18, 'Sariakandi', 'সারিয়াকান্দি'),
(339, 18, 'Shibganj', 'শিবগঞ্জ'),
(340, 18, 'Sonatala', 'সোনাতলা'),
(341, 19, 'Joypurhat S', 'জয়পুরহাট সদর'),
(342, 19, 'Akkelpur', 'আক্কেলপুর'),
(343, 19, 'Kalai', 'কালাই'),
(344, 19, 'Khetlal', 'খেতলাল'),
(345, 19, 'Panchbibi', 'পাঁচবিবি'),
(346, 20, 'Naogaon Sadar Upazila', 'নওগাঁ সদর'),
(347, 20, 'Mohadevpur Upazila', 'মহাদেবপুর'),
(348, 20, 'Manda Upazila', 'মান্দা'),
(349, 20, 'Niamatpur Upazila', 'নিয়ামতপুর'),
(350, 20, 'Atrai Upazila', 'আত্রাই'),
(351, 20, 'Raninagar Upazila', 'রাণীনগর'),
(352, 20, 'Patnitala Upazila', 'পত্নীতলা'),
(353, 20, 'Dhamoirhat Upazila', 'ধামইরহাট '),
(354, 20, 'Sapahar Upazila', 'সাপাহার'),
(355, 20, 'Porsha Upazila', 'পোরশা'),
(356, 20, 'Badalgachhi Upazila', 'বদলগাছি'),
(357, 21, 'Natore Sadar Upazila', 'নাটোর সদর'),
(358, 21, 'Baraigram Upazila', 'বড়াইগ্রাম'),
(359, 21, 'Bagatipara Upazila', 'বাগাতিপাড়া'),
(360, 21, 'Lalpur Upazila', 'লালপুর'),
(361, 21, 'Natore Sadar Upazila', 'নাটোর সদর'),
(362, 21, 'Baraigram Upazila', 'বড়াই গ্রাম'),
(363, 22, 'Bholahat Upazila', 'ভোলাহাট'),
(364, 22, 'Gomastapur Upazila', 'গোমস্তাপুর'),
(365, 22, 'Nachole Upazila', 'নাচোল'),
(366, 22, 'Nawabganj Sadar Upazila', 'নবাবগঞ্জ সদর'),
(367, 22, 'Shibganj Upazila', 'শিবগঞ্জ'),
(368, 23, 'Atgharia Upazila', 'আটঘরিয়া'),
(369, 23, 'Bera Upazila', 'বেড়া'),
(370, 23, 'Bhangura Upazila', 'ভাঙ্গুরা'),
(371, 23, 'Chatmohar Upazila', 'চাটমোহর'),
(372, 23, 'Faridpur Upazila', 'ফরিদপুর'),
(373, 23, 'Ishwardi Upazila', 'ঈশ্বরদী'),
(374, 23, 'Pabna Sadar Upazila', 'পাবনা সদর'),
(375, 23, 'Santhia Upazila', 'সাথিয়া'),
(376, 23, 'Sujanagar Upazila', 'সুজানগর'),
(377, 24, 'Bagha', 'বাঘা'),
(378, 24, 'Bagmara', 'বাগমারা'),
(379, 24, 'Charghat', 'চারঘাট'),
(380, 24, 'Durgapur', 'দুর্গাপুর'),
(381, 24, 'Godagari', 'গোদাগারি'),
(382, 24, 'Mohanpur', 'মোহনপুর'),
(383, 24, 'Paba', 'পবা'),
(384, 24, 'Puthia', 'পুঠিয়া'),
(385, 24, 'Tanore', 'তানোর'),
(386, 25, 'Sirajganj Sadar Upazila', 'সিরাজগঞ্জ সদর'),
(387, 25, 'Belkuchi Upazila', 'বেলকুচি'),
(388, 25, 'Chauhali Upazila', 'চৌহালি'),
(389, 25, 'Kamarkhanda Upazila', 'কামারখান্দা'),
(390, 25, 'Kazipur Upazila', 'কাজীপুর'),
(391, 25, 'Raiganj Upazila', 'রায়গঞ্জ'),
(392, 25, 'Shahjadpur Upazila', 'শাহজাদপুর'),
(393, 25, 'Tarash Upazila', 'তারাশ'),
(394, 25, 'Ullahpara Upazila', 'উল্লাপাড়া'),
(395, 26, 'Birampur Upazila', 'বিরামপুর'),
(396, 26, 'Birganj', 'বীরগঞ্জ'),
(397, 26, 'Biral Upazila', 'বিড়াল'),
(398, 26, 'Bochaganj Upazila', 'বোচাগঞ্জ'),
(399, 26, 'Chirirbandar Upazila', 'চিরিরবন্দর'),
(400, 26, 'Phulbari Upazila', 'ফুলবাড়ি'),
(401, 26, 'Ghoraghat Upazila', 'ঘোড়াঘাট'),
(402, 26, 'Hakimpur Upazila', 'হাকিমপুর'),
(403, 26, 'Kaharole Upazila', 'কাহারোল'),
(404, 26, 'Khansama Upazila', 'খানসামা'),
(405, 26, 'Dinajpur Sadar Upazila', 'দিনাজপুর সদর'),
(406, 26, 'Nawabganj', 'নবাবগঞ্জ'),
(407, 26, 'Parbatipur Upazila', 'পার্বতীপুর'),
(408, 27, 'Fulchhari', 'ফুলছড়ি'),
(409, 27, 'Gaibandha sadar', 'গাইবান্ধা সদর'),
(410, 27, 'Gobindaganj', 'গোবিন্দগঞ্জ'),
(411, 27, 'Palashbari', 'পলাশবাড়ী'),
(412, 27, 'Sadullapur', 'সাদুল্যাপুর'),
(413, 27, 'Saghata', 'সাঘাটা'),
(414, 27, 'Sundarganj', 'সুন্দরগঞ্জ'),
(415, 28, 'Kurigram Sadar', 'কুড়িগ্রাম সদর'),
(416, 28, 'Nageshwari', 'নাগেশ্বরী'),
(417, 28, 'Bhurungamari', 'ভুরুঙ্গামারি'),
(418, 28, 'Phulbari', 'ফুলবাড়ি'),
(419, 28, 'Rajarhat', 'রাজারহাট'),
(420, 28, 'Ulipur', 'উলিপুর'),
(421, 28, 'Chilmari', 'চিলমারি'),
(422, 28, 'Rowmari', 'রউমারি'),
(423, 28, 'Char Rajibpur', 'চর রাজিবপুর'),
(424, 29, 'Lalmanirhat Sadar', 'লালমনিরহাট সদর'),
(425, 29, 'Aditmari', 'আদিতমারি'),
(426, 29, 'Kaliganj', 'কালীগঞ্জ'),
(427, 29, 'Hatibandha', 'হাতিবান্ধা'),
(428, 29, 'Patgram', 'পাটগ্রাম'),
(429, 30, 'Nilphamari Sadar', 'নীলফামারী সদর'),
(430, 30, 'Saidpur', 'সৈয়দপুর'),
(431, 30, 'Jaldhaka', 'জলঢাকা'),
(432, 30, 'Kishoreganj', 'কিশোরগঞ্জ'),
(433, 30, 'Domar', 'ডোমার'),
(434, 30, 'Dimla', 'ডিমলা'),
(435, 31, 'Panchagarh Sadar', 'পঞ্চগড় সদর'),
(436, 31, 'Debiganj', 'দেবীগঞ্জ'),
(437, 31, 'Boda', 'বোদা'),
(438, 31, 'Atwari', 'আটোয়ারি'),
(439, 31, 'Tetulia', 'তেতুলিয়া'),
(440, 32, 'Badarganj', 'বদরগঞ্জ'),
(441, 32, 'Mithapukur', 'মিঠাপুকুর'),
(442, 32, 'Gangachara', 'গঙ্গাচরা'),
(443, 32, 'Kaunia', 'কাউনিয়া'),
(444, 32, 'Rangpur Sadar', 'রংপুর সদর'),
(445, 32, 'Pirgachha', 'পীরগাছা'),
(446, 32, 'Pirganj', 'পীরগঞ্জ'),
(447, 32, 'Taraganj', 'তারাগঞ্জ'),
(448, 33, 'Thakurgaon Sadar Upazila', 'ঠাকুরগাঁও সদর'),
(449, 33, 'Pirganj Upazila', 'পীরগঞ্জ'),
(450, 33, 'Baliadangi Upazila', 'বালিয়াডাঙ্গি'),
(451, 33, 'Haripur Upazila', 'হরিপুর'),
(452, 33, 'Ranisankail Upazila', 'রাণীসংকইল'),
(453, 51, 'Ajmiriganj', 'আজমিরিগঞ্জ'),
(454, 51, 'Baniachang', 'বানিয়াচং'),
(455, 51, 'Bahubal', 'বাহুবল'),
(456, 51, 'Chunarughat', 'চুনারুঘাট'),
(457, 51, 'Habiganj Sadar', 'হবিগঞ্জ সদর'),
(458, 51, 'Lakhai', 'লাক্ষাই'),
(459, 51, 'Madhabpur', 'মাধবপুর'),
(460, 51, 'Nabiganj', 'নবীগঞ্জ'),
(461, 51, 'Shaistagonj Upazila', 'শায়েস্তাগঞ্জ'),
(462, 52, 'Moulvibazar Sadar', 'মৌলভীবাজার'),
(463, 52, 'Barlekha', 'বড়লেখা'),
(464, 52, 'Juri', 'জুড়ি'),
(465, 52, 'Kamalganj', 'কামালগঞ্জ'),
(466, 52, 'Kulaura', 'কুলাউরা'),
(467, 52, 'Rajnagar', 'রাজনগর'),
(468, 52, 'Sreemangal', 'শ্রীমঙ্গল'),
(469, 53, 'Bishwamvarpur', 'বিসশম্ভারপুর'),
(470, 53, 'Chhatak', 'ছাতক'),
(471, 53, 'Derai', 'দেড়াই'),
(472, 53, 'Dharampasha', 'ধরমপাশা'),
(473, 53, 'Dowarabazar', 'দোয়ারাবাজার'),
(474, 53, 'Jagannathpur', 'জগন্নাথপুর'),
(475, 53, 'Jamalganj', 'জামালগঞ্জ'),
(476, 53, 'Sulla', 'সুল্লা'),
(477, 53, 'Sunamganj Sadar', 'সুনামগঞ্জ সদর'),
(478, 53, 'Shanthiganj', 'শান্তিগঞ্জ'),
(479, 53, 'Tahirpur', 'তাহিরপুর'),
(480, 54, 'Sylhet Sadar', 'সিলেট সদর'),
(481, 54, 'Beanibazar', 'বেয়ানিবাজার'),
(482, 54, 'Bishwanath', 'বিশ্বনাথ'),
(483, 54, 'Dakshin Surma Upazila', 'দক্ষিণ সুরমা'),
(484, 54, 'Balaganj', 'বালাগঞ্জ'),
(485, 54, 'Companiganj', 'কোম্পানিগঞ্জ'),
(486, 54, 'Fenchuganj', 'ফেঞ্চুগঞ্জ'),
(487, 54, 'Golapganj', 'গোলাপগঞ্জ'),
(488, 54, 'Gowainghat', 'গোয়াইনঘাট'),
(489, 54, 'Jaintiapur', 'জয়ন্তপুর'),
(490, 54, 'Kanaighat', 'কানাইঘাট'),
(491, 54, 'Zakiganj', 'জাকিগঞ্জ'),
(492, 54, 'Nobigonj', 'নবীগঞ্জ');

-- --------------------------------------------------------

--
-- Table structure for table `users`
--

CREATE TABLE `users` (
  `id` int(10) UNSIGNED NOT NULL,
  `name` varchar(255) COLLATE utf8mb4_unicode_ci NOT NULL,
  `email` varchar(255) COLLATE utf8mb4_unicode_ci NOT NULL,
  `password` varchar(255) COLLATE utf8mb4_unicode_ci NOT NULL,
  `remember_token` varchar(100) COLLATE utf8mb4_unicode_ci DEFAULT NULL,
  `created_at` timestamp NULL DEFAULT NULL,
  `updated_at` timestamp NULL DEFAULT NULL,
  `is_admin` tinyint(4) DEFAULT NULL
) ENGINE=InnoDB DEFAULT CHARSET=utf8mb4 COLLATE=utf8mb4_unicode_ci;

--
-- Dumping data for table `users`
--

INSERT INTO `users` (`id`, `name`, `email`, `password`, `remember_token`, `created_at`, `updated_at`, `is_admin`) VALUES
(1, 'Md Rasheduzzaman', 'jmrashed@gmail.com', '$2y$10$vjr3UOBsv/jlTpefFX7FB.Mk.EyEudeJHZSc9883YULd6JMVMhJk2', 'CbIuqlrp5Y3Yg3l66mHysPC12adAVxqQ8qOYGhuCSov91BrWQroxLubcC87k', '2017-05-01 04:56:59', '2017-05-01 04:56:59', NULL),
(2, 'masud', 'enggmasud1983@gmail.com', '$2y$10$l0vYgvUj0QPxghVXO/uTaeMmNoSpmenqTNQhGTJvJoDyYpSv10In.', 'M0v6m7xHqohVSONriFsh1ctr02i08E87syEkn0hr1kKEKZteHs6AFAnlsOYu', '2017-06-08 01:07:39', '2017-06-08 01:07:39', NULL);

--
-- Indexes for dumped tables
--

--
-- Indexes for table `admins`
--
ALTER TABLE `admins`
  ADD PRIMARY KEY (`id`);

--
-- Indexes for table `apps_countries`
--
ALTER TABLE `apps_countries`
  ADD PRIMARY KEY (`id`);

--
-- Indexes for table `bloodgroups`
--
ALTER TABLE `bloodgroups`
  ADD PRIMARY KEY (`id`);

--
-- Indexes for table `categorys`
--
ALTER TABLE `categorys`
  ADD PRIMARY KEY (`id`),
  ADD UNIQUE KEY `slug` (`slug`);

--
-- Indexes for table `cities`
--
ALTER TABLE `cities`
  ADD PRIMARY KEY (`id`);

--
-- Indexes for table `contents`
--
ALTER TABLE `contents`
  ADD PRIMARY KEY (`id`);

--
-- Indexes for table `countries`
--
ALTER TABLE `countries`
  ADD PRIMARY KEY (`id`);

--
-- Indexes for table `districts`
--
ALTER TABLE `districts`
  ADD PRIMARY KEY (`id`),
  ADD KEY `division_row_id` (`division_row_id`);

--
-- Indexes for table `divisions`
--
ALTER TABLE `divisions`
  ADD PRIMARY KEY (`id`);

--
-- Indexes for table `donateblood`
--
ALTER TABLE `donateblood`
  ADD PRIMARY KEY (`id`);

--
-- Indexes for table `donors`
--
ALTER TABLE `donors`
  ADD PRIMARY KEY (`id`);

--
-- Indexes for table `donors_details`
--
ALTER TABLE `donors_details`
  ADD PRIMARY KEY (`id`);

--
-- Indexes for table `faqs`
--
ALTER TABLE `faqs`
  ADD PRIMARY KEY (`id`);

--
-- Indexes for table `galleries`
--
ALTER TABLE `galleries`
  ADD PRIMARY KEY (`id`);

--
-- Indexes for table `gallery_details`
--
ALTER TABLE `gallery_details`
  ADD PRIMARY KEY (`id`);

--
-- Indexes for table `links`
--
ALTER TABLE `links`
  ADD PRIMARY KEY (`id`);

--
-- Indexes for table `migrations`
--
ALTER TABLE `migrations`
  ADD PRIMARY KEY (`id`);

--
-- Indexes for table `needblood`
--
ALTER TABLE `needblood`
  ADD PRIMARY KEY (`id`);

--
-- Indexes for table `permissions`
--
ALTER TABLE `permissions`
  ADD PRIMARY KEY (`id`),
  ADD UNIQUE KEY `name` (`name`);

--
-- Indexes for table `permission_role`
--
ALTER TABLE `permission_role`
  ADD PRIMARY KEY (`permission_id`,`role_id`),
  ADD KEY `permission_role_role_id_foreign` (`role_id`);

--
-- Indexes for table `posts`
--
ALTER TABLE `posts`
  ADD PRIMARY KEY (`id`);

--
-- Indexes for table `roles`
--
ALTER TABLE `roles`
  ADD PRIMARY KEY (`id`),
  ADD UNIQUE KEY `name` (`name`);

--
-- Indexes for table `role_user`
--
ALTER TABLE `role_user`
  ADD PRIMARY KEY (`user_id`,`role_id`),
  ADD KEY `role_user_role_id_foreign` (`role_id`);

--
-- Indexes for table `speeches`
--
ALTER TABLE `speeches`
  ADD PRIMARY KEY (`id`);

--
-- Indexes for table `states`
--
ALTER TABLE `states`
  ADD PRIMARY KEY (`id`);

--
-- Indexes for table `upazilas`
--
ALTER TABLE `upazilas`
  ADD PRIMARY KEY (`id`),
  ADD KEY `district_row_id` (`district_row_id`);

--
-- Indexes for table `users`
--
ALTER TABLE `users`
  ADD PRIMARY KEY (`id`);

--
-- AUTO_INCREMENT for dumped tables
--

--
-- AUTO_INCREMENT for table `admins`
--
ALTER TABLE `admins`
  MODIFY `id` int(10) UNSIGNED NOT NULL AUTO_INCREMENT, AUTO_INCREMENT=28;
--
-- AUTO_INCREMENT for table `apps_countries`
--
ALTER TABLE `apps_countries`
  MODIFY `id` int(11) NOT NULL AUTO_INCREMENT, AUTO_INCREMENT=246;
--
-- AUTO_INCREMENT for table `bloodgroups`
--
ALTER TABLE `bloodgroups`
  MODIFY `id` int(11) NOT NULL AUTO_INCREMENT;
--
-- AUTO_INCREMENT for table `categorys`
--
ALTER TABLE `categorys`
  MODIFY `id` int(11) NOT NULL AUTO_INCREMENT, AUTO_INCREMENT=4;
--
-- AUTO_INCREMENT for table `cities`
--
ALTER TABLE `cities`
  MODIFY `id` int(10) UNSIGNED NOT NULL AUTO_INCREMENT;
--
-- AUTO_INCREMENT for table `contents`
--
ALTER TABLE `contents`
  MODIFY `id` int(11) NOT NULL AUTO_INCREMENT, AUTO_INCREMENT=8;
--
-- AUTO_INCREMENT for table `countries`
--
ALTER TABLE `countries`
  MODIFY `id` int(10) UNSIGNED NOT NULL AUTO_INCREMENT;
--
-- AUTO_INCREMENT for table `districts`
--
ALTER TABLE `districts`
  MODIFY `id` int(2) UNSIGNED NOT NULL AUTO_INCREMENT, AUTO_INCREMENT=65;
--
-- AUTO_INCREMENT for table `divisions`
--
ALTER TABLE `divisions`
  MODIFY `id` int(2) UNSIGNED NOT NULL AUTO_INCREMENT, AUTO_INCREMENT=8;
--
-- AUTO_INCREMENT for table `donateblood`
--
ALTER TABLE `donateblood`
  MODIFY `id` int(11) NOT NULL AUTO_INCREMENT;
--
-- AUTO_INCREMENT for table `donors`
--
ALTER TABLE `donors`
  MODIFY `id` int(11) NOT NULL AUTO_INCREMENT, AUTO_INCREMENT=12;
--
-- AUTO_INCREMENT for table `donors_details`
--
ALTER TABLE `donors_details`
  MODIFY `id` int(11) NOT NULL AUTO_INCREMENT;
--
-- AUTO_INCREMENT for table `faqs`
--
ALTER TABLE `faqs`
  MODIFY `id` int(11) NOT NULL AUTO_INCREMENT, AUTO_INCREMENT=4;
--
-- AUTO_INCREMENT for table `galleries`
--
ALTER TABLE `galleries`
  MODIFY `id` int(11) NOT NULL AUTO_INCREMENT, AUTO_INCREMENT=6;
--
-- AUTO_INCREMENT for table `gallery_details`
--
ALTER TABLE `gallery_details`
  MODIFY `id` int(11) NOT NULL AUTO_INCREMENT, AUTO_INCREMENT=6;
--
-- AUTO_INCREMENT for table `links`
--
ALTER TABLE `links`
  MODIFY `id` int(11) NOT NULL AUTO_INCREMENT;
--
-- AUTO_INCREMENT for table `migrations`
--
ALTER TABLE `migrations`
  MODIFY `id` int(10) UNSIGNED NOT NULL AUTO_INCREMENT, AUTO_INCREMENT=3;
--
-- AUTO_INCREMENT for table `needblood`
--
ALTER TABLE `needblood`
  MODIFY `id` int(11) NOT NULL AUTO_INCREMENT;
--
-- AUTO_INCREMENT for table `permissions`
--
ALTER TABLE `permissions`
  MODIFY `id` int(10) UNSIGNED NOT NULL AUTO_INCREMENT, AUTO_INCREMENT=3;
--
-- AUTO_INCREMENT for table `posts`
--
ALTER TABLE `posts`
  MODIFY `id` int(11) NOT NULL AUTO_INCREMENT, AUTO_INCREMENT=6;
--
-- AUTO_INCREMENT for table `roles`
--
ALTER TABLE `roles`
  MODIFY `id` int(10) UNSIGNED NOT NULL AUTO_INCREMENT, AUTO_INCREMENT=3;
--
-- AUTO_INCREMENT for table `speeches`
--
ALTER TABLE `speeches`
  MODIFY `id` int(11) NOT NULL AUTO_INCREMENT, AUTO_INCREMENT=2;
--
-- AUTO_INCREMENT for table `states`
--
ALTER TABLE `states`
  MODIFY `id` int(10) UNSIGNED NOT NULL AUTO_INCREMENT;
--
-- AUTO_INCREMENT for table `upazilas`
--
ALTER TABLE `upazilas`
  MODIFY `id` int(2) UNSIGNED NOT NULL AUTO_INCREMENT, AUTO_INCREMENT=493;
--
-- AUTO_INCREMENT for table `users`
--
ALTER TABLE `users`
  MODIFY `id` int(10) UNSIGNED NOT NULL AUTO_INCREMENT, AUTO_INCREMENT=3;
--
-- Constraints for dumped tables
--

--
-- Constraints for table `districts`
--
ALTER TABLE `districts`
  ADD CONSTRAINT `districts_ibfk_1` FOREIGN KEY (`division_row_id`) REFERENCES `divisions` (`id`) ON DELETE CASCADE ON UPDATE CASCADE;

--
-- Constraints for table `permission_role`
--
ALTER TABLE `permission_role`
  ADD CONSTRAINT `permission_role_permission_id_foreign` FOREIGN KEY (`permission_id`) REFERENCES `permissions` (`id`) ON DELETE CASCADE ON UPDATE CASCADE,
  ADD CONSTRAINT `permission_role_role_id_foreign` FOREIGN KEY (`role_id`) REFERENCES `roles` (`id`) ON DELETE CASCADE ON UPDATE CASCADE;

--
-- Constraints for table `role_user`
--
ALTER TABLE `role_user`
  ADD CONSTRAINT `role_user_role_id_foreign` FOREIGN KEY (`role_id`) REFERENCES `roles` (`id`) ON DELETE CASCADE ON UPDATE CASCADE,
  ADD CONSTRAINT `role_user_user_id_foreign` FOREIGN KEY (`user_id`) REFERENCES `users` (`id`) ON DELETE CASCADE ON UPDATE CASCADE;

--
-- Constraints for table `upazilas`
--
ALTER TABLE `upazilas`
  ADD CONSTRAINT `upazilas_ibfk_1` FOREIGN KEY (`district_row_id`) REFERENCES `districts` (`id`) ON DELETE CASCADE ON UPDATE CASCADE;

/*!40101 SET CHARACTER_SET_CLIENT=@OLD_CHARACTER_SET_CLIENT */;
/*!40101 SET CHARACTER_SET_RESULTS=@OLD_CHARACTER_SET_RESULTS */;
/*!40101 SET COLLATION_CONNECTION=@OLD_COLLATION_CONNECTION */;
